shader,mode,toolchain,iter,compile_ms,spv_size_bytes,validation_pass,spirv_inst_count
voxel_minimal.vert,default,glslc,1,114.462,3340,1,182
voxel_minimal.vert,default,glslc,2,107.566,3340,1,182
voxel_minimal.vert,default,glslc,3,107.484,3340,1,182
voxel_minimal.vert,default,glslc,4,115.360,3340,1,182
voxel_minimal.vert,default,glslc,5,111.991,3340,1,182
voxel_minimal.vert,default,glslc,6,113.329,3340,1,182
voxel_minimal.vert,default,glslc,7,112.217,3340,1,182
voxel_minimal.vert,default,glslc,8,118.679,3340,1,182
voxel_minimal.vert,default,glslc,9,111.333,3340,1,182
voxel_minimal.vert,default,glslc,10,114.242,3340,1,182
voxel_minimal.vert,default,glslc,11,109.497,3340,1,182
voxel_minimal.vert,default,glslc,12,113.958,3340,1,182
voxel_minimal.vert,default,glslc,13,112.402,3340,1,182
voxel_minimal.vert,default,glslc,14,113.081,3340,1,182
voxel_minimal.vert,default,glslc,15,109.165,3340,1,182
voxel_minimal.vert,default,glslc,16,105.911,3340,1,182
voxel_minimal.vert,default,glslc,17,110.579,3340,1,182
voxel_minimal.vert,default,glslc,18,113.327,3340,1,182
voxel_minimal.vert,default,glslc,19,113.888,3340,1,182
voxel_minimal.vert,default,glslc,20,111.227,3340,1,182
voxel_minimal.vert,default,dxc,1,9.998,2736,1,146
voxel_minimal.vert,default,dxc,2,10.925,2736,1,146
voxel_minimal.vert,default,dxc,3,11.145,2736,1,146
voxel_minimal.vert,default,dxc,4,9.896,2736,1,146
voxel_minimal.vert,default,dxc,5,11.393,2736,1,146
voxel_minimal.vert,default,dxc,6,11.744,2736,1,146
voxel_minimal.vert,default,dxc,7,10.154,2736,1,146
voxel_minimal.vert,default,dxc,8,10.898,2736,1,146
voxel_minimal.vert,default,dxc,9,11.504,2736,1,146
voxel_minimal.vert,default,dxc,10,11.140,2736,1,146
voxel_minimal.vert,default,dxc,11,10.440,2736,1,146
voxel_minimal.vert,default,dxc,12,10.916,2736,1,146
voxel_minimal.vert,default,dxc,13,11.318,2736,1,146
voxel_minimal.vert,default,dxc,14,10.725,2736,1,146
voxel_minimal.vert,default,dxc,15,10.583,2736,1,146
voxel_minimal.vert,default,dxc,16,12.051,2736,1,146
voxel_minimal.vert,default,dxc,17,10.648,2736,1,146
voxel_minimal.vert,default,dxc,18,11.151,2736,1,146
voxel_minimal.vert,default,dxc,19,11.402,2736,1,146
voxel_minimal.vert,default,dxc,20,10.889,2736,1,146
voxel_minimal.vert,debug,glslc,1,111.820,5208,1,244
voxel_minimal.vert,debug,glslc,2,115.988,5208,1,244
voxel_minimal.vert,debug,glslc,3,113.850,5208,1,244
voxel_minimal.vert,debug,glslc,4,110.275,5208,1,244
voxel_minimal.vert,debug,glslc,5,122.837,5208,1,244
voxel_minimal.vert,debug,glslc,6,111.650,5208,1,244
voxel_minimal.vert,debug,glslc,7,111.795,5208,1,244
voxel_minimal.vert,debug,glslc,8,115.131,5208,1,244
voxel_minimal.vert,debug,glslc,9,116.006,5208,1,244
voxel_minimal.vert,debug,glslc,10,114.058,5208,1,244
voxel_minimal.vert,debug,glslc,11,112.748,5208,1,244
voxel_minimal.vert,debug,glslc,12,113.867,5208,1,244
voxel_minimal.vert,debug,glslc,13,121.881,5208,1,244
voxel_minimal.vert,debug,glslc,14,108.895,5208,1,244
voxel_minimal.vert,debug,glslc,15,108.310,5208,1,244
voxel_minimal.vert,debug,glslc,16,113.004,5208,1,244
voxel_minimal.vert,debug,glslc,17,109.074,5208,1,244
voxel_minimal.vert,debug,glslc,18,108.575,5208,1,244
voxel_minimal.vert,debug,glslc,19,116.259,5208,1,244
voxel_minimal.vert,debug,glslc,20,113.230,5208,1,244
voxel_minimal.vert,debug,dxc,1,11.702,5136,1,220
voxel_minimal.vert,debug,dxc,2,11.449,5136,1,220
voxel_minimal.vert,debug,dxc,3,12.365,5136,1,220
voxel_minimal.vert,debug,dxc,4,12.516,5136,1,220
voxel_minimal.vert,debug,dxc,5,12.813,5136,1,220
voxel_minimal.vert,debug,dxc,6,11.579,5136,1,220
voxel_minimal.vert,debug,dxc,7,12.256,5136,1,220
voxel_minimal.vert,debug,dxc,8,12.091,5136,1,220
voxel_minimal.vert,debug,dxc,9,12.550,5136,1,220
voxel_minimal.vert,debug,dxc,10,11.755,5136,1,220
voxel_minimal.vert,debug,dxc,11,11.741,5136,1,220
voxel_minimal.vert,debug,dxc,12,12.800,5136,1,220
voxel_minimal.vert,debug,dxc,13,11.671,5136,1,220
voxel_minimal.vert,debug,dxc,14,13.265,5136,1,220
voxel_minimal.vert,debug,dxc,15,12.958,5136,1,220
voxel_minimal.vert,debug,dxc,16,12.467,5136,1,220
voxel_minimal.vert,debug,dxc,17,11.133,5136,1,220
voxel_minimal.vert,debug,dxc,18,12.580,5136,1,220
voxel_minimal.vert,debug,dxc,19,12.286,5136,1,220
voxel_minimal.vert,debug,dxc,20,11.513,5136,1,220
voxel_minimal.vert,optimize,glslc,1,114.146,3340,1,182
voxel_minimal.vert,optimize,glslc,2,112.841,3340,1,182
voxel_minimal.vert,optimize,glslc,3,119.233,3340,1,182
voxel_minimal.vert,optimize,glslc,4,110.802,3340,1,182
voxel_minimal.vert,optimize,glslc,5,112.829,3340,1,182
voxel_minimal.vert,optimize,glslc,6,109.069,3340,1,182
voxel_minimal.vert,optimize,glslc,7,115.372,3340,1,182
voxel_minimal.vert,optimize,glslc,8,117.417,3340,1,182
voxel_minimal.vert,optimize,glslc,9,115.598,3340,1,182
voxel_minimal.vert,optimize,glslc,10,110.956,3340,1,182
voxel_minimal.vert,optimize,glslc,11,115.444,3340,1,182
voxel_minimal.vert,optimize,glslc,12,118.111,3340,1,182
voxel_minimal.vert,optimize,glslc,13,113.620,3340,1,182
voxel_minimal.vert,optimize,glslc,14,115.434,3340,1,182
voxel_minimal.vert,optimize,glslc,15,114.789,3340,1,182
voxel_minimal.vert,optimize,glslc,16,113.084,3340,1,182
voxel_minimal.vert,optimize,glslc,17,109.170,3340,1,182
voxel_minimal.vert,optimize,glslc,18,112.002,3340,1,182
voxel_minimal.vert,optimize,glslc,19,109.776,3340,1,182
voxel_minimal.vert,optimize,glslc,20,106.791,3340,1,182
voxel_minimal.vert,optimize,dxc,1,9.367,2736,1,146
voxel_minimal.vert,optimize,dxc,2,9.910,2736,1,146
voxel_minimal.vert,optimize,dxc,3,11.070,2736,1,146
voxel_minimal.vert,optimize,dxc,4,11.691,2736,1,146
voxel_minimal.vert,optimize,dxc,5,11.104,2736,1,146
voxel_minimal.vert,optimize,dxc,6,10.456,2736,1,146
voxel_minimal.vert,optimize,dxc,7,9.847,2736,1,146
voxel_minimal.vert,optimize,dxc,8,10.245,2736,1,146
voxel_minimal.vert,optimize,dxc,9,10.350,2736,1,146
voxel_minimal.vert,optimize,dxc,10,11.941,2736,1,146
voxel_minimal.vert,optimize,dxc,11,10.810,2736,1,146
voxel_minimal.vert,optimize,dxc,12,12.048,2736,1,146
voxel_minimal.vert,optimize,dxc,13,10.429,2736,1,146
voxel_minimal.vert,optimize,dxc,14,11.395,2736,1,146
voxel_minimal.vert,optimize,dxc,15,11.646,2736,1,146
voxel_minimal.vert,optimize,dxc,16,10.913,2736,1,146
voxel_minimal.vert,optimize,dxc,17,11.140,2736,1,146
voxel_minimal.vert,optimize,dxc,18,10.261,2736,1,146
voxel_minimal.vert,optimize,dxc,19,10.957,2736,1,146
voxel_minimal.vert,optimize,dxc,20,12.732,2736,1,146
voxel_minimal.frag,default,glslc,1,121.589,3888,1,220
voxel_minimal.frag,default,glslc,2,112.754,3888,1,220
voxel_minimal.frag,default,glslc,3,112.714,3888,1,220
voxel_minimal.frag,default,glslc,4,108.923,3888,1,220
voxel_minimal.frag,default,glslc,5,108.276,3888,1,220
voxel_minimal.frag,default,glslc,6,119.002,3888,1,220
voxel_minimal.frag,default,glslc,7,111.635,3888,1,220
voxel_minimal.frag,default,glslc,8,117.835,3888,1,220
voxel_minimal.frag,default,glslc,9,113.402,3888,1,220
voxel_minimal.frag,default,glslc,10,110.366,3888,1,220
voxel_minimal.frag,default,glslc,11,109.822,3888,1,220
voxel_minimal.frag,default,glslc,12,109.210,3888,1,220
voxel_minimal.frag,default,glslc,13,113.692,3888,1,220
voxel_minimal.frag,default,glslc,14,106.694,3888,1,220
voxel_minimal.frag,default,glslc,15,114.750,3888,1,220
voxel_minimal.frag,default,glslc,16,113.112,3888,1,220
voxel_minimal.frag,default,glslc,17,113.190,3888,1,220
voxel_minimal.frag,default,glslc,18,118.803,3888,1,220
voxel_minimal.frag,default,glslc,19,117.108,3888,1,220
voxel_minimal.frag,default,glslc,20,114.951,3888,1,220
voxel_minimal.frag,default,dxc,1,12.274,3056,1,163
voxel_minimal.frag,default,dxc,2,13.329,3056,1,163
voxel_minimal.frag,default,dxc,3,12.592,3056,1,163
voxel_minimal.frag,default,dxc,4,12.633,3056,1,163
voxel_minimal.frag,default,dxc,5,12.345,3056,1,163
voxel_minimal.frag,default,dxc,6,11.312,3056,1,163
voxel_minimal.frag,default,dxc,7,11.403,3056,1,163
voxel_minimal.frag,default,dxc,8,10.976,3056,1,163
voxel_minimal.frag,default,dxc,9,12.395,3056,1,163
voxel_minimal.frag,default,dxc,10,12.936,3056,1,163
voxel_minimal.frag,default,dxc,11,11.587,3056,1,163
voxel_minimal.frag,default,dxc,12,11.813,3056,1,163
voxel_minimal.frag,default,dxc,13,11.829,3056,1,163
voxel_minimal.frag,default,dxc,14,12.570,3056,1,163
voxel_minimal.frag,default,dxc,15,12.720,3056,1,163
voxel_minimal.frag,default,dxc,16,11.441,3056,1,163
voxel_minimal.frag,default,dxc,17,12.297,3056,1,163
voxel_minimal.frag,default,dxc,18,12.411,3056,1,163
voxel_minimal.frag,default,dxc,19,13.200,3056,1,163
voxel_minimal.frag,default,dxc,20,13.458,3056,1,163
voxel_minimal.frag,debug,glslc,1,111.896,6212,1,293
voxel_minimal.frag,debug,glslc,2,107.790,6212,1,293
voxel_minimal.frag,debug,glslc,3,134.329,6212,1,293
voxel_minimal.frag,debug,glslc,4,117.560,6212,1,293
voxel_minimal.frag,debug,glslc,5,112.840,6212,1,293
voxel_minimal.frag,debug,glslc,6,119.424,6212,1,293
voxel_minimal.frag,debug,glslc,7,129.708,6212,1,293
voxel_minimal.frag,debug,glslc,8,147.212,6212,1,293
voxel_minimal.frag,debug,glslc,9,126.205,6212,1,293
voxel_minimal.frag,debug,glslc,10,123.296,6212,1,293
voxel_minimal.frag,debug,glslc,11,112.062,6212,1,293
voxel_minimal.frag,debug,glslc,12,111.151,6212,1,293
voxel_minimal.frag,debug,glslc,13,117.832,6212,1,293
voxel_minimal.frag,debug,glslc,14,110.979,6212,1,293
voxel_minimal.frag,debug,glslc,15,124.270,6212,1,293
voxel_minimal.frag,debug,glslc,16,117.423,6212,1,293
voxel_minimal.frag,debug,glslc,17,116.845,6212,1,293
voxel_minimal.frag,debug,glslc,18,116.129,6212,1,293
voxel_minimal.frag,debug,glslc,19,114.316,6212,1,293
voxel_minimal.frag,debug,glslc,20,113.781,6212,1,293
voxel_minimal.frag,debug,dxc,1,14.234,6236,1,275
voxel_minimal.frag,debug,dxc,2,12.749,6236,1,275
voxel_minimal.frag,debug,dxc,3,13.784,6236,1,275
voxel_minimal.frag,debug,dxc,4,14.602,6236,1,275
voxel_minimal.frag,debug,dxc,5,13.714,6236,1,275
voxel_minimal.frag,debug,dxc,6,13.024,6236,1,275
voxel_minimal.frag,debug,dxc,7,13.866,6236,1,275
voxel_minimal.frag,debug,dxc,8,15.443,6236,1,275
voxel_minimal.frag,debug,dxc,9,14.698,6236,1,275
voxel_minimal.frag,debug,dxc,10,12.624,6236,1,275
voxel_minimal.frag,debug,dxc,11,13.560,6236,1,275
voxel_minimal.frag,debug,dxc,12,14.273,6236,1,275
voxel_minimal.frag,debug,dxc,13,12.070,6236,1,275
voxel_minimal.frag,debug,dxc,14,12.867,6236,1,275
voxel_minimal.frag,debug,dxc,15,12.222,6236,1,275
voxel_minimal.frag,debug,dxc,16,14.080,6236,1,275
voxel_minimal.frag,debug,dxc,17,12.877,6236,1,275
voxel_minimal.frag,debug,dxc,18,14.415,6236,1,275
voxel_minimal.frag,debug,dxc,19,13.224,6236,1,275
voxel_minimal.frag,debug,dxc,20,12.949,6236,1,275
voxel_minimal.frag,optimize,glslc,1,112.548,3888,1,220
voxel_minimal.frag,optimize,glslc,2,114.290,3888,1,220
voxel_minimal.frag,optimize,glslc,3,110.227,3888,1,220
voxel_minimal.frag,optimize,glslc,4,110.030,3888,1,220
voxel_minimal.frag,optimize,glslc,5,120.897,3888,1,220
voxel_minimal.frag,optimize,glslc,6,120.090,3888,1,220
voxel_minimal.frag,optimize,glslc,7,114.100,3888,1,220
voxel_minimal.frag,optimize,glslc,8,116.736,3888,1,220
voxel_minimal.frag,optimize,glslc,9,111.788,3888,1,220
voxel_minimal.frag,optimize,glslc,10,112.076,3888,1,220
voxel_minimal.frag,optimize,glslc,11,121.069,3888,1,220
voxel_minimal.frag,optimize,glslc,12,117.477,3888,1,220
voxel_minimal.frag,optimize,glslc,13,110.438,3888,1,220
voxel_minimal.frag,optimize,glslc,14,109.565,3888,1,220
voxel_minimal.frag,optimize,glslc,15,112.285,3888,1,220
voxel_minimal.frag,optimize,glslc,16,112.562,3888,1,220
voxel_minimal.frag,optimize,glslc,17,116.295,3888,1,220
voxel_minimal.frag,optimize,glslc,18,115.341,3888,1,220
voxel_minimal.frag,optimize,glslc,19,110.353,3888,1,220
voxel_minimal.frag,optimize,glslc,20,118.989,3888,1,220
voxel_minimal.frag,optimize,dxc,1,13.718,3056,1,163
voxel_minimal.frag,optimize,dxc,2,13.101,3056,1,163
voxel_minimal.frag,optimize,dxc,3,12.235,3056,1,163
voxel_minimal.frag,optimize,dxc,4,12.982,3056,1,163
voxel_minimal.frag,optimize,dxc,5,11.438,3056,1,163
voxel_minimal.frag,optimize,dxc,6,11.582,3056,1,163
voxel_minimal.frag,optimize,dxc,7,11.420,3056,1,163
voxel_minimal.frag,optimize,dxc,8,10.853,3056,1,163
voxel_minimal.frag,optimize,dxc,9,12.261,3056,1,163
voxel_minimal.frag,optimize,dxc,10,12.522,3056,1,163
voxel_minimal.frag,optimize,dxc,11,12.516,3056,1,163
voxel_minimal.frag,optimize,dxc,12,12.064,3056,1,163
voxel_minimal.frag,optimize,dxc,13,11.884,3056,1,163
voxel_minimal.frag,optimize,dxc,14,13.310,3056,1,163
voxel_minimal.frag,optimize,dxc,15,11.737,3056,1,163
voxel_minimal.frag,optimize,dxc,16,12.066,3056,1,163
voxel_minimal.frag,optimize,dxc,17,12.961,3056,1,163
voxel_minimal.frag,optimize,dxc,18,11.328,3056,1,163
voxel_minimal.frag,optimize,dxc,19,13.175,3056,1,163
voxel_minimal.frag,optimize,dxc,20,12.097,3056,1,163
voxel_mesh_minimal.mesh,default,glslc,1,106.746,6804,1,393
voxel_mesh_minimal.mesh,default,glslc,2,111.689,6804,1,393
voxel_mesh_minimal.mesh,default,glslc,3,109.981,6804,1,393
voxel_mesh_minimal.mesh,default,glslc,4,115.074,6804,1,393
voxel_mesh_minimal.mesh,default,glslc,5,121.225,6804,1,393
voxel_mesh_minimal.mesh,default,glslc,6,115.538,6804,1,393
voxel_mesh_minimal.mesh,default,glslc,7,109.182,6804,1,393
voxel_mesh_minimal.mesh,default,glslc,8,111.986,6804,1,393
voxel_mesh_minimal.mesh,default,glslc,9,113.572,6804,1,393
voxel_mesh_minimal.mesh,default,glslc,10,111.905,6804,1,393
voxel_mesh_minimal.mesh,default,glslc,11,106.850,6804,1,393
voxel_mesh_minimal.mesh,default,glslc,12,112.042,6804,1,393
voxel_mesh_minimal.mesh,default,glslc,13,111.896,6804,1,393
voxel_mesh_minimal.mesh,default,glslc,14,114.979,6804,1,393
voxel_mesh_minimal.mesh,default,glslc,15,115.499,6804,1,393
voxel_mesh_minimal.mesh,default,glslc,16,114.895,6804,1,393
voxel_mesh_minimal.mesh,default,glslc,17,111.709,6804,1,393
voxel_mesh_minimal.mesh,default,glslc,18,115.570,6804,1,393
voxel_mesh_minimal.mesh,default,glslc,19,112.897,6804,1,393
voxel_mesh_minimal.mesh,default,glslc,20,114.380,6804,1,393
voxel_mesh_minimal.mesh,default,dxc,1,13.150,3904,1,234
voxel_mesh_minimal.mesh,default,dxc,2,12.179,3904,1,234
voxel_mesh_minimal.mesh,default,dxc,3,14.039,3904,1,234
voxel_mesh_minimal.mesh,default,dxc,4,14.895,3904,1,234
voxel_mesh_minimal.mesh,default,dxc,5,13.330,3904,1,234
voxel_mesh_minimal.mesh,default,dxc,6,12.244,3904,1,234
voxel_mesh_minimal.mesh,default,dxc,7,12.772,3904,1,234
voxel_mesh_minimal.mesh,default,dxc,8,12.163,3904,1,234
voxel_mesh_minimal.mesh,default,dxc,9,12.391,3904,1,234
voxel_mesh_minimal.mesh,default,dxc,10,12.674,3904,1,234
voxel_mesh_minimal.mesh,default,dxc,11,13.275,3904,1,234
voxel_mesh_minimal.mesh,default,dxc,12,13.759,3904,1,234
voxel_mesh_minimal.mesh,default,dxc,13,12.841,3904,1,234
voxel_mesh_minimal.mesh,default,dxc,14,13.524,3904,1,234
voxel_mesh_minimal.mesh,default,dxc,15,13.717,3904,1,234
voxel_mesh_minimal.mesh,default,dxc,16,14.275,3904,1,234
voxel_mesh_minimal.mesh,default,dxc,17,13.756,3904,1,234
voxel_mesh_minimal.mesh,default,dxc,18,13.522,3904,1,234
voxel_mesh_minimal.mesh,default,dxc,19,12.319,3904,1,234
voxel_mesh_minimal.mesh,default,dxc,20,12.327,3904,1,234
voxel_mesh_minimal.mesh,debug,glslc,1,121.052,10648,1,518
voxel_mesh_minimal.mesh,debug,glslc,2,119.717,10648,1,518
voxel_mesh_minimal.mesh,debug,glslc,3,120.963,10648,1,518
voxel_mesh_minimal.mesh,debug,glslc,4,117.296,10648,1,518
voxel_mesh_minimal.mesh,debug,glslc,5,117.993,10648,1,518
voxel_mesh_minimal.mesh,debug,glslc,6,112.562,10648,1,518
voxel_mesh_minimal.mesh,debug,glslc,7,126.119,10648,1,518
voxel_mesh_minimal.mesh,debug,glslc,8,116.170,10648,1,518
voxel_mesh_minimal.mesh,debug,glslc,9,124.955,10648,1,518
voxel_mesh_minimal.mesh,debug,glslc,10,122.116,10648,1,518
voxel_mesh_minimal.mesh,debug,glslc,11,125.571,10648,1,518
voxel_mesh_minimal.mesh,debug,glslc,12,120.028,10648,1,518
voxel_mesh_minimal.mesh,debug,glslc,13,114.391,10648,1,518
voxel_mesh_minimal.mesh,debug,glslc,14,121.872,10648,1,518
voxel_mesh_minimal.mesh,debug,glslc,15,118.160,10648,1,518
voxel_mesh_minimal.mesh,debug,glslc,16,118.865,10648,1,518
voxel_mesh_minimal.mesh,debug,glslc,17,116.738,10648,1,518
voxel_mesh_minimal.mesh,debug,glslc,18,116.480,10648,1,518
voxel_mesh_minimal.mesh,debug,glslc,19,115.382,10648,1,518
voxel_mesh_minimal.mesh,debug,glslc,20,119.217,10648,1,518
voxel_mesh_minimal.mesh,debug,dxc,1,16.310,9044,1,410
voxel_mesh_minimal.mesh,debug,dxc,2,14.418,9044,1,410
voxel_mesh_minimal.mesh,debug,dxc,3,15.149,9044,1,410
voxel_mesh_minimal.mesh,debug,dxc,4,15.563,9044,1,410
voxel_mesh_minimal.mesh,debug,dxc,5,13.736,9044,1,410
voxel_mesh_minimal.mesh,debug,dxc,6,15.104,9044,1,410
voxel_mesh_minimal.mesh,debug,dxc,7,16.432,9044,1,410
voxel_mesh_minimal.mesh,debug,dxc,8,15.808,9044,1,410
voxel_mesh_minimal.mesh,debug,dxc,9,14.666,9044,1,410
voxel_mesh_minimal.mesh,debug,dxc,10,14.902,9044,1,410
voxel_mesh_minimal.mesh,debug,dxc,11,15.182,9044,1,410
voxel_mesh_minimal.mesh,debug,dxc,12,14.804,9044,1,410
voxel_mesh_minimal.mesh,debug,dxc,13,15.393,9044,1,410
voxel_mesh_minimal.mesh,debug,dxc,14,15.256,9044,1,410
voxel_mesh_minimal.mesh,debug,dxc,15,13.697,9044,1,410
voxel_mesh_minimal.mesh,debug,dxc,16,14.865,9044,1,410
voxel_mesh_minimal.mesh,debug,dxc,17,15.855,9044,1,410
voxel_mesh_minimal.mesh,debug,dxc,18,14.168,9044,1,410
voxel_mesh_minimal.mesh,debug,dxc,19,14.450,9044,1,410
voxel_mesh_minimal.mesh,debug,dxc,20,14.937,9044,1,410
voxel_mesh_minimal.mesh,optimize,glslc,1,117.610,6804,1,393
voxel_mesh_minimal.mesh,optimize,glslc,2,115.070,6804,1,393
voxel_mesh_minimal.mesh,optimize,glslc,3,123.655,6804,1,393
voxel_mesh_minimal.mesh,optimize,glslc,4,121.267,6804,1,393
voxel_mesh_minimal.mesh,optimize,glslc,5,119.385,6804,1,393
voxel_mesh_minimal.mesh,optimize,glslc,6,138.822,6804,1,393
voxel_mesh_minimal.mesh,optimize,glslc,7,120.919,6804,1,393
voxel_mesh_minimal.mesh,optimize,glslc,8,115.321,6804,1,393
voxel_mesh_minimal.mesh,optimize,glslc,9,112.413,6804,1,393
voxel_mesh_minimal.mesh,optimize,glslc,10,110.925,6804,1,393
voxel_mesh_minimal.mesh,optimize,glslc,11,118.684,6804,1,393
voxel_mesh_minimal.mesh,optimize,glslc,12,123.079,6804,1,393
voxel_mesh_minimal.mesh,optimize,glslc,13,123.305,6804,1,393
voxel_mesh_minimal.mesh,optimize,glslc,14,144.474,6804,1,393
voxel_mesh_minimal.mesh,optimize,glslc,15,155.343,6804,1,393
voxel_mesh_minimal.mesh,optimize,glslc,16,128.380,6804,1,393
voxel_mesh_minimal.mesh,optimize,glslc,17,135.644,6804,1,393
voxel_mesh_minimal.mesh,optimize,glslc,18,131.779,6804,1,393
voxel_mesh_minimal.mesh,optimize,glslc,19,125.196,6804,1,393
voxel_mesh_minimal.mesh,optimize,glslc,20,126.653,6804,1,393
voxel_mesh_minimal.mesh,optimize,dxc,1,14.558,3904,1,234
voxel_mesh_minimal.mesh,optimize,dxc,2,13.085,3904,1,234
voxel_mesh_minimal.mesh,optimize,dxc,3,15.310,3904,1,234
voxel_mesh_minimal.mesh,optimize,dxc,4,13.143,3904,1,234
voxel_mesh_minimal.mesh,optimize,dxc,5,14.150,3904,1,234
voxel_mesh_minimal.mesh,optimize,dxc,6,13.331,3904,1,234
voxel_mesh_minimal.mesh,optimize,dxc,7,14.094,3904,1,234
voxel_mesh_minimal.mesh,optimize,dxc,8,13.617,3904,1,234
voxel_mesh_minimal.mesh,optimize,dxc,9,13.766,3904,1,234
voxel_mesh_minimal.mesh,optimize,dxc,10,12.075,3904,1,234
voxel_mesh_minimal.mesh,optimize,dxc,11,12.990,3904,1,234
voxel_mesh_minimal.mesh,optimize,dxc,12,12.795,3904,1,234
voxel_mesh_minimal.mesh,optimize,dxc,13,13.737,3904,1,234
voxel_mesh_minimal.mesh,optimize,dxc,14,13.767,3904,1,234
voxel_mesh_minimal.mesh,optimize,dxc,15,13.449,3904,1,234
voxel_mesh_minimal.mesh,optimize,dxc,16,13.609,3904,1,234
voxel_mesh_minimal.mesh,optimize,dxc,17,13.213,3904,1,234
voxel_mesh_minimal.mesh,optimize,dxc,18,13.153,3904,1,234
voxel_mesh_minimal.mesh,optimize,dxc,19,13.524,3904,1,234
voxel_mesh_minimal.mesh,optimize,dxc,20,13.277,3904,1,234
hzb_cull_minimal.comp,default,glslc,1,112.910,4272,1,255
hzb_cull_minimal.comp,default,glslc,2,118.643,4272,1,255
hzb_cull_minimal.comp,default,glslc,3,114.879,4272,1,255
hzb_cull_minimal.comp,default,glslc,4,122.022,4272,1,255
hzb_cull_minimal.comp,default,glslc,5,119.709,4272,1,255
hzb_cull_minimal.comp,default,glslc,6,121.210,4272,1,255
hzb_cull_minimal.comp,default,glslc,7,118.187,4272,1,255
hzb_cull_minimal.comp,default,glslc,8,121.985,4272,1,255
hzb_cull_minimal.comp,default,glslc,9,120.905,4272,1,255
hzb_cull_minimal.comp,default,glslc,10,115.582,4272,1,255
hzb_cull_minimal.comp,default,glslc,11,112.853,4272,1,255
hzb_cull_minimal.comp,default,glslc,12,120.259,4272,1,255
hzb_cull_minimal.comp,default,glslc,13,122.904,4272,1,255
hzb_cull_minimal.comp,default,glslc,14,118.934,4272,1,255
hzb_cull_minimal.comp,default,glslc,15,121.126,4272,1,255
hzb_cull_minimal.comp,default,glslc,16,118.481,4272,1,255
hzb_cull_minimal.comp,default,glslc,17,120.825,4272,1,255
hzb_cull_minimal.comp,default,glslc,18,124.355,4272,1,255
hzb_cull_minimal.comp,default,glslc,19,119.919,4272,1,255
hzb_cull_minimal.comp,default,glslc,20,124.207,4272,1,255
hzb_cull_minimal.comp,default,dxc,1,13.016,3320,1,195
hzb_cull_minimal.comp,default,dxc,2,12.997,3320,1,195
hzb_cull_minimal.comp,default,dxc,3,12.960,3320,1,195
hzb_cull_minimal.comp,default,dxc,4,12.635,3320,1,195
hzb_cull_minimal.comp,default,dxc,5,12.308,3320,1,195
hzb_cull_minimal.comp,default,dxc,6,14.054,3320,1,195
hzb_cull_minimal.comp,default,dxc,7,13.415,3320,1,195
hzb_cull_minimal.comp,default,dxc,8,13.058,3320,1,195
hzb_cull_minimal.comp,default,dxc,9,11.391,3320,1,195
hzb_cull_minimal.comp,default,dxc,10,14.061,3320,1,195
hzb_cull_minimal.comp,default,dxc,11,12.493,3320,1,195
hzb_cull_minimal.comp,default,dxc,12,12.198,3320,1,195
hzb_cull_minimal.comp,default,dxc,13,11.891,3320,1,195
hzb_cull_minimal.comp,default,dxc,14,12.171,3320,1,195
hzb_cull_minimal.comp,default,dxc,15,13.884,3320,1,195
hzb_cull_minimal.comp,default,dxc,16,15.668,3320,1,195
hzb_cull_minimal.comp,default,dxc,17,13.599,3320,1,195
hzb_cull_minimal.comp,default,dxc,18,11.765,3320,1,195
hzb_cull_minimal.comp,default,dxc,19,12.521,3320,1,195
hzb_cull_minimal.comp,default,dxc,20,21.312,3320,1,195
hzb_cull_minimal.comp,debug,glslc,1,123.081,6804,1,351
hzb_cull_minimal.comp,debug,glslc,2,121.229,6804,1,351
hzb_cull_minimal.comp,debug,glslc,3,127.205,6804,1,351
hzb_cull_minimal.comp,debug,glslc,4,131.119,6804,1,351
hzb_cull_minimal.comp,debug,glslc,5,123.562,6804,1,351
hzb_cull_minimal.comp,debug,glslc,6,120.526,6804,1,351
hzb_cull_minimal.comp,debug,glslc,7,118.364,6804,1,351
hzb_cull_minimal.comp,debug,glslc,8,127.454,6804,1,351
hzb_cull_minimal.comp,debug,glslc,9,128.184,6804,1,351
hzb_cull_minimal.comp,debug,glslc,10,125.625,6804,1,351
hzb_cull_minimal.comp,debug,glslc,11,124.213,6804,1,351
hzb_cull_minimal.comp,debug,glslc,12,125.203,6804,1,351
hzb_cull_minimal.comp,debug,glslc,13,129.977,6804,1,351
hzb_cull_minimal.comp,debug,glslc,14,118.645,6804,1,351
hzb_cull_minimal.comp,debug,glslc,15,123.204,6804,1,351
hzb_cull_minimal.comp,debug,glslc,16,127.566,6804,1,351
hzb_cull_minimal.comp,debug,glslc,17,160.181,6804,1,351
hzb_cull_minimal.comp,debug,glslc,18,120.161,6804,1,351
hzb_cull_minimal.comp,debug,glslc,19,126.659,6804,1,351
hzb_cull_minimal.comp,debug,glslc,20,123.907,6804,1,351
hzb_cull_minimal.comp,debug,dxc,1,14.322,6196,1,298
hzb_cull_minimal.comp,debug,dxc,2,14.033,6196,1,298
hzb_cull_minimal.comp,debug,dxc,3,13.308,6196,1,298
hzb_cull_minimal.comp,debug,dxc,4,12.987,6196,1,298
hzb_cull_minimal.comp,debug,dxc,5,15.182,6196,1,298
hzb_cull_minimal.comp,debug,dxc,6,12.348,6196,1,298
hzb_cull_minimal.comp,debug,dxc,7,13.924,6196,1,298
hzb_cull_minimal.comp,debug,dxc,8,13.310,6196,1,298
hzb_cull_minimal.comp,debug,dxc,9,13.037,6196,1,298
hzb_cull_minimal.comp,debug,dxc,10,13.285,6196,1,298
hzb_cull_minimal.comp,debug,dxc,11,12.874,6196,1,298
hzb_cull_minimal.comp,debug,dxc,12,13.062,6196,1,298
hzb_cull_minimal.comp,debug,dxc,13,13.277,6196,1,298
hzb_cull_minimal.comp,debug,dxc,14,14.378,6196,1,298
hzb_cull_minimal.comp,debug,dxc,15,14.578,6196,1,298
hzb_cull_minimal.comp,debug,dxc,16,14.679,6196,1,298
hzb_cull_minimal.comp,debug,dxc,17,13.664,6196,1,298
hzb_cull_minimal.comp,debug,dxc,18,14.410,6196,1,298
hzb_cull_minimal.comp,debug,dxc,19,14.414,6196,1,298
hzb_cull_minimal.comp,debug,dxc,20,14.298,6196,1,298
hzb_cull_minimal.comp,optimize,glslc,1,116.495,4272,1,255
hzb_cull_minimal.comp,optimize,glslc,2,119.761,4272,1,255
hzb_cull_minimal.comp,optimize,glslc,3,117.017,4272,1,255
hzb_cull_minimal.comp,optimize,glslc,4,118.050,4272,1,255
hzb_cull_minimal.comp,optimize,glslc,5,112.219,4272,1,255
hzb_cull_minimal.comp,optimize,glslc,6,119.787,4272,1,255
hzb_cull_minimal.comp,optimize,glslc,7,120.565,4272,1,255
hzb_cull_minimal.comp,optimize,glslc,8,123.417,4272,1,255
hzb_cull_minimal.comp,optimize,glslc,9,127.088,4272,1,255
hzb_cull_minimal.comp,optimize,glslc,10,119.403,4272,1,255
hzb_cull_minimal.comp,optimize,glslc,11,117.163,4272,1,255
hzb_cull_minimal.comp,optimize,glslc,12,116.454,4272,1,255
hzb_cull_minimal.comp,optimize,glslc,13,118.037,4272,1,255
hzb_cull_minimal.comp,optimize,glslc,14,118.516,4272,1,255
hzb_cull_minimal.comp,optimize,glslc,15,127.005,4272,1,255
hzb_cull_minimal.comp,optimize,glslc,16,121.983,4272,1,255
hzb_cull_minimal.comp,optimize,glslc,17,125.870,4272,1,255
hzb_cull_minimal.comp,optimize,glslc,18,121.686,4272,1,255
hzb_cull_minimal.comp,optimize,glslc,19,115.379,4272,1,255
hzb_cull_minimal.comp,optimize,glslc,20,117.698,4272,1,255
hzb_cull_minimal.comp,optimize,dxc,1,12.253,3320,1,195
hzb_cull_minimal.comp,optimize,dxc,2,12.463,3320,1,195
hzb_cull_minimal.comp,optimize,dxc,3,11.269,3320,1,195
hzb_cull_minimal.comp,optimize,dxc,4,12.247,3320,1,195
hzb_cull_minimal.comp,optimize,dxc,5,12.526,3320,1,195
hzb_cull_minimal.comp,optimize,dxc,6,13.766,3320,1,195
hzb_cull_minimal.comp,optimize,dxc,7,12.057,3320,1,195
hzb_cull_minimal.comp,optimize,dxc,8,12.244,3320,1,195
hzb_cull_minimal.comp,optimize,dxc,9,12.390,3320,1,195
hzb_cull_minimal.comp,optimize,dxc,10,11.923,3320,1,195
hzb_cull_minimal.comp,optimize,dxc,11,12.706,3320,1,195
hzb_cull_minimal.comp,optimize,dxc,12,12.066,3320,1,195
hzb_cull_minimal.comp,optimize,dxc,13,11.513,3320,1,195
hzb_cull_minimal.comp,optimize,dxc,14,11.665,3320,1,195
hzb_cull_minimal.comp,optimize,dxc,15,11.776,3320,1,195
hzb_cull_minimal.comp,optimize,dxc,16,11.811,3320,1,195
hzb_cull_minimal.comp,optimize,dxc,17,13.259,3320,1,195
hzb_cull_minimal.comp,optimize,dxc,18,12.085,3320,1,195
hzb_cull_minimal.comp,optimize,dxc,19,12.445,3320,1,195
hzb_cull_minimal.comp,optimize,dxc,20,11.421,3320,1,195
fluid_ca_minimal.comp,default,glslc,1,118.409,5516,1,355
fluid_ca_minimal.comp,default,glslc,2,127.232,5516,1,355
fluid_ca_minimal.comp,default,glslc,3,127.840,5516,1,355
fluid_ca_minimal.comp,default,glslc,4,138.612,5516,1,355
fluid_ca_minimal.comp,default,glslc,5,142.948,5516,1,355
fluid_ca_minimal.comp,default,glslc,6,119.984,5516,1,355
fluid_ca_minimal.comp,default,glslc,7,116.458,5516,1,355
fluid_ca_minimal.comp,default,glslc,8,121.923,5516,1,355
fluid_ca_minimal.comp,default,glslc,9,123.574,5516,1,355
fluid_ca_minimal.comp,default,glslc,10,114.828,5516,1,355
fluid_ca_minimal.comp,default,glslc,11,120.408,5516,1,355
fluid_ca_minimal.comp,default,glslc,12,119.588,5516,1,355
fluid_ca_minimal.comp,default,glslc,13,114.025,5516,1,355
fluid_ca_minimal.comp,default,glslc,14,119.836,5516,1,355
fluid_ca_minimal.comp,default,glslc,15,120.521,5516,1,355
fluid_ca_minimal.comp,default,glslc,16,131.473,5516,1,355
fluid_ca_minimal.comp,default,glslc,17,120.504,5516,1,355
fluid_ca_minimal.comp,default,glslc,18,121.631,5516,1,355
fluid_ca_minimal.comp,default,glslc,19,118.393,5516,1,355
fluid_ca_minimal.comp,default,glslc,20,120.447,5516,1,355
fluid_ca_minimal.comp,default,dxc,1,12.957,3692,1,225
fluid_ca_minimal.comp,default,dxc,2,14.940,3692,1,225
fluid_ca_minimal.comp,default,dxc,3,12.952,3692,1,225
fluid_ca_minimal.comp,default,dxc,4,13.304,3692,1,225
fluid_ca_minimal.comp,default,dxc,5,13.129,3692,1,225
fluid_ca_minimal.comp,default,dxc,6,12.919,3692,1,225
fluid_ca_minimal.comp,default,dxc,7,13.180,3692,1,225
fluid_ca_minimal.comp,default,dxc,8,13.982,3692,1,225
fluid_ca_minimal.comp,default,dxc,9,13.113,3692,1,225
fluid_ca_minimal.comp,default,dxc,10,14.042,3692,1,225
fluid_ca_minimal.comp,default,dxc,11,13.599,3692,1,225
fluid_ca_minimal.comp,default,dxc,12,12.236,3692,1,225
fluid_ca_minimal.comp,default,dxc,13,13.603,3692,1,225
fluid_ca_minimal.comp,default,dxc,14,13.054,3692,1,225
fluid_ca_minimal.comp,default,dxc,15,13.476,3692,1,225
fluid_ca_minimal.comp,default,dxc,16,12.991,3692,1,225
fluid_ca_minimal.comp,default,dxc,17,13.355,3692,1,225
fluid_ca_minimal.comp,default,dxc,18,12.870,3692,1,225
fluid_ca_minimal.comp,default,dxc,19,13.760,3692,1,225
fluid_ca_minimal.comp,default,dxc,20,13.277,3692,1,225
fluid_ca_minimal.comp,debug,glslc,1,116.450,9100,1,486
fluid_ca_minimal.comp,debug,glslc,2,112.310,9100,1,486
fluid_ca_minimal.comp,debug,glslc,3,115.340,9100,1,486
fluid_ca_minimal.comp,debug,glslc,4,113.974,9100,1,486
fluid_ca_minimal.comp,debug,glslc,5,113.531,9100,1,486
fluid_ca_minimal.comp,debug,glslc,6,117.290,9100,1,486
fluid_ca_minimal.comp,debug,glslc,7,117.785,9100,1,486
fluid_ca_minimal.comp,debug,glslc,8,115.764,9100,1,486
fluid_ca_minimal.comp,debug,glslc,9,112.524,9100,1,486
fluid_ca_minimal.comp,debug,glslc,10,116.312,9100,1,486
fluid_ca_minimal.comp,debug,glslc,11,113.040,9100,1,486
fluid_ca_minimal.comp,debug,glslc,12,115.117,9100,1,486
fluid_ca_minimal.comp,debug,glslc,13,120.189,9100,1,486
fluid_ca_minimal.comp,debug,glslc,14,129.998,9100,1,486
fluid_ca_minimal.comp,debug,glslc,15,132.978,9100,1,486
fluid_ca_minimal.comp,debug,glslc,16,118.893,9100,1,486
fluid_ca_minimal.comp,debug,glslc,17,122.189,9100,1,486
fluid_ca_minimal.comp,debug,glslc,18,117.019,9100,1,486
fluid_ca_minimal.comp,debug,glslc,19,115.668,9100,1,486
fluid_ca_minimal.comp,debug,glslc,20,112.590,9100,1,486
fluid_ca_minimal.comp,debug,dxc,1,16.289,7568,1,381
fluid_ca_minimal.comp,debug,dxc,2,16.418,7568,1,381
fluid_ca_minimal.comp,debug,dxc,3,15.997,7568,1,381
fluid_ca_minimal.comp,debug,dxc,4,17.169,7568,1,381
fluid_ca_minimal.comp,debug,dxc,5,16.013,7568,1,381
fluid_ca_minimal.comp,debug,dxc,6,15.836,7568,1,381
fluid_ca_minimal.comp,debug,dxc,7,15.016,7568,1,381
fluid_ca_minimal.comp,debug,dxc,8,15.175,7568,1,381
fluid_ca_minimal.comp,debug,dxc,9,15.160,7568,1,381
fluid_ca_minimal.comp,debug,dxc,10,15.373,7568,1,381
fluid_ca_minimal.comp,debug,dxc,11,14.540,7568,1,381
fluid_ca_minimal.comp,debug,dxc,12,13.366,7568,1,381
fluid_ca_minimal.comp,debug,dxc,13,14.924,7568,1,381
fluid_ca_minimal.comp,debug,dxc,14,15.661,7568,1,381
fluid_ca_minimal.comp,debug,dxc,15,15.486,7568,1,381
fluid_ca_minimal.comp,debug,dxc,16,25.159,7568,1,381
fluid_ca_minimal.comp,debug,dxc,17,28.236,7568,1,381
fluid_ca_minimal.comp,debug,dxc,18,76.610,7568,1,381
fluid_ca_minimal.comp,debug,dxc,19,32.974,7568,1,381
fluid_ca_minimal.comp,debug,dxc,20,47.831,7568,1,381
fluid_ca_minimal.comp,optimize,glslc,1,469.470,5516,1,355
fluid_ca_minimal.comp,optimize,glslc,2,388.046,5516,1,355
fluid_ca_minimal.comp,optimize,glslc,3,265.023,5516,1,355
fluid_ca_minimal.comp,optimize,glslc,4,261.369,5516,1,355
fluid_ca_minimal.comp,optimize,glslc,5,158.266,5516,1,355
fluid_ca_minimal.comp,optimize,glslc,6,164.055,5516,1,355
fluid_ca_minimal.comp,optimize,glslc,7,152.947,5516,1,355
fluid_ca_minimal.comp,optimize,glslc,8,158.274,5516,1,355
fluid_ca_minimal.comp,optimize,glslc,9,154.225,5516,1,355
fluid_ca_minimal.comp,optimize,glslc,10,165.874,5516,1,355
fluid_ca_minimal.comp,optimize,glslc,11,188.899,5516,1,355
fluid_ca_minimal.comp,optimize,glslc,12,159.000,5516,1,355
fluid_ca_minimal.comp,optimize,glslc,13,140.771,5516,1,355
fluid_ca_minimal.comp,optimize,glslc,14,147.398,5516,1,355
fluid_ca_minimal.comp,optimize,glslc,15,141.170,5516,1,355
fluid_ca_minimal.comp,optimize,glslc,16,132.362,5516,1,355
fluid_ca_minimal.comp,optimize,glslc,17,135.767,5516,1,355
fluid_ca_minimal.comp,optimize,glslc,18,137.053,5516,1,355
fluid_ca_minimal.comp,optimize,glslc,19,149.978,5516,1,355
fluid_ca_minimal.comp,optimize,glslc,20,144.693,5516,1,355
fluid_ca_minimal.comp,optimize,dxc,1,12.524,3692,1,225
fluid_ca_minimal.comp,optimize,dxc,2,19.320,3692,1,225
fluid_ca_minimal.comp,optimize,dxc,3,19.851,3692,1,225
fluid_ca_minimal.comp,optimize,dxc,4,14.231,3692,1,225
fluid_ca_minimal.comp,optimize,dxc,5,15.765,3692,1,225
fluid_ca_minimal.comp,optimize,dxc,6,14.661,3692,1,225
fluid_ca_minimal.comp,optimize,dxc,7,15.664,3692,1,225
fluid_ca_minimal.comp,optimize,dxc,8,15.944,3692,1,225
fluid_ca_minimal.comp,optimize,dxc,9,12.507,3692,1,225
fluid_ca_minimal.comp,optimize,dxc,10,21.927,3692,1,225
fluid_ca_minimal.comp,optimize,dxc,11,12.844,3692,1,225
fluid_ca_minimal.comp,optimize,dxc,12,12.192,3692,1,225
fluid_ca_minimal.comp,optimize,dxc,13,13.636,3692,1,225
fluid_ca_minimal.comp,optimize,dxc,14,14.314,3692,1,225
fluid_ca_minimal.comp,optimize,dxc,15,16.326,3692,1,225
fluid_ca_minimal.comp,optimize,dxc,16,13.098,3692,1,225
fluid_ca_minimal.comp,optimize,dxc,17,16.322,3692,1,225
fluid_ca_minimal.comp,optimize,dxc,18,12.376,3692,1,225
fluid_ca_minimal.comp,optimize,dxc,19,19.289,3692,1,225
fluid_ca_minimal.comp,optimize,dxc,20,14.535,3692,1,225
