scene,strategy,seed,rotation,entries,sortTimeUs,quality,psnrDb,framesSorted,totalInversions
no_translucent,A_PerFrame,1,still,0,0.020,1.000000,45.00,1000,0
no_translucent,A_PerFrame,1,slow,0,0.020,1.000000,45.00,1000,0
no_translucent,A_PerFrame,1,medium,0,0.020,1.000000,45.00,1000,0
no_translucent,A_PerFrame,7,still,0,0.020,1.000000,45.00,1000,0
no_translucent,A_PerFrame,7,slow,0,0.021,1.000000,45.00,1000,0
no_translucent,A_PerFrame,7,medium,0,0.021,1.000000,45.00,1000,0
no_translucent,A_PerFrame,42,still,0,0.021,1.000000,45.00,1000,0
no_translucent,A_PerFrame,42,slow,0,0.021,1.000000,45.00,1000,0
no_translucent,A_PerFrame,42,medium,0,0.021,1.000000,45.00,1000,0
no_translucent,A_PerFrame,1234,still,0,0.020,1.000000,45.00,1000,0
no_translucent,A_PerFrame,1234,slow,0,0.020,1.000000,45.00,1000,0
no_translucent,A_PerFrame,1234,medium,0,0.020,1.000000,45.00,1000,0
no_translucent,A_PerFrame,31337,still,0,0.021,1.000000,45.00,1000,0
no_translucent,A_PerFrame,31337,slow,0,0.021,1.000000,45.00,1000,0
no_translucent,A_PerFrame,31337,medium,0,0.020,1.000000,45.00,1000,0
no_translucent,B_Every4,1,still,0,0.020,1.000000,45.00,200,0
no_translucent,B_Every4,1,slow,0,0.052,1.000000,45.00,200,0
no_translucent,B_Every4,1,medium,0,0.021,1.000000,45.00,200,0
no_translucent,B_Every4,7,still,0,0.021,1.000000,45.00,200,0
no_translucent,B_Every4,7,slow,0,0.021,1.000000,45.00,200,0
no_translucent,B_Every4,7,medium,0,0.021,1.000000,45.00,200,0
no_translucent,B_Every4,42,still,0,0.021,1.000000,45.00,200,0
no_translucent,B_Every4,42,slow,0,0.021,1.000000,45.00,200,0
no_translucent,B_Every4,42,medium,0,0.021,1.000000,45.00,200,0
no_translucent,B_Every4,1234,still,0,0.020,1.000000,45.00,200,0
no_translucent,B_Every4,1234,slow,0,0.021,1.000000,45.00,200,0
no_translucent,B_Every4,1234,medium,0,0.020,1.000000,45.00,200,0
no_translucent,B_Every4,31337,still,0,0.020,1.000000,45.00,200,0
no_translucent,B_Every4,31337,slow,0,0.020,1.000000,45.00,200,0
no_translucent,B_Every4,31337,medium,0,0.021,1.000000,45.00,200,0
no_translucent,B_Every8,1,still,0,0.021,1.000000,45.00,112,0
no_translucent,B_Every8,1,slow,0,0.022,1.000000,45.00,112,0
no_translucent,B_Every8,1,medium,0,0.021,1.000000,45.00,112,0
no_translucent,B_Every8,7,still,0,0.021,1.000000,45.00,112,0
no_translucent,B_Every8,7,slow,0,0.021,1.000000,45.00,112,0
no_translucent,B_Every8,7,medium,0,0.021,1.000000,45.00,112,0
no_translucent,B_Every8,42,still,0,0.020,1.000000,45.00,112,0
no_translucent,B_Every8,42,slow,0,0.020,1.000000,45.00,112,0
no_translucent,B_Every8,42,medium,0,0.021,1.000000,45.00,112,0
no_translucent,B_Every8,1234,still,0,0.020,1.000000,45.00,112,0
no_translucent,B_Every8,1234,slow,0,0.020,1.000000,45.00,112,0
no_translucent,B_Every8,1234,medium,0,0.020,1.000000,45.00,112,0
no_translucent,B_Every8,31337,still,0,0.020,1.000000,45.00,112,0
no_translucent,B_Every8,31337,slow,0,0.021,1.000000,45.00,112,0
no_translucent,B_Every8,31337,medium,0,0.021,1.000000,45.00,112,0
no_translucent,B_Every16,1,still,0,0.022,1.000000,45.00,59,0
no_translucent,B_Every16,1,slow,0,0.021,1.000000,45.00,59,0
no_translucent,B_Every16,1,medium,0,0.021,1.000000,45.00,59,0
no_translucent,B_Every16,7,still,0,0.020,1.000000,45.00,59,0
no_translucent,B_Every16,7,slow,0,0.019,1.000000,45.00,59,0
no_translucent,B_Every16,7,medium,0,0.021,1.000000,45.00,59,0
no_translucent,B_Every16,42,still,0,0.020,1.000000,45.00,59,0
no_translucent,B_Every16,42,slow,0,0.020,1.000000,45.00,59,0
no_translucent,B_Every16,42,medium,0,0.020,1.000000,45.00,59,0
no_translucent,B_Every16,1234,still,0,0.020,1.000000,45.00,59,0
no_translucent,B_Every16,1234,slow,0,0.021,1.000000,45.00,59,0
no_translucent,B_Every16,1234,medium,0,0.020,1.000000,45.00,59,0
no_translucent,B_Every16,31337,still,0,0.020,1.000000,45.00,59,0
no_translucent,B_Every16,31337,slow,0,0.020,1.000000,45.00,59,0
no_translucent,B_Every16,31337,medium,0,0.021,1.000000,45.00,59,0
no_translucent,C_DistanceAdaptive,1,still,0,0.020,1.000000,45.00,112,0
no_translucent,C_DistanceAdaptive,1,slow,0,0.021,1.000000,45.00,112,0
no_translucent,C_DistanceAdaptive,1,medium,0,0.021,1.000000,45.00,112,0
no_translucent,C_DistanceAdaptive,7,still,0,0.021,1.000000,45.00,112,0
no_translucent,C_DistanceAdaptive,7,slow,0,0.021,1.000000,45.00,112,0
no_translucent,C_DistanceAdaptive,7,medium,0,0.020,1.000000,45.00,112,0
no_translucent,C_DistanceAdaptive,42,still,0,0.020,1.000000,45.00,112,0
no_translucent,C_DistanceAdaptive,42,slow,0,0.020,1.000000,45.00,112,0
no_translucent,C_DistanceAdaptive,42,medium,0,0.021,1.000000,45.00,112,0
no_translucent,C_DistanceAdaptive,1234,still,0,0.020,1.000000,45.00,112,0
no_translucent,C_DistanceAdaptive,1234,slow,0,0.021,1.000000,45.00,112,0
no_translucent,C_DistanceAdaptive,1234,medium,0,0.021,1.000000,45.00,112,0
no_translucent,C_DistanceAdaptive,31337,still,0,0.020,1.000000,45.00,112,0
no_translucent,C_DistanceAdaptive,31337,slow,0,0.021,1.000000,45.00,112,0
no_translucent,C_DistanceAdaptive,31337,medium,0,0.020,1.000000,45.00,112,0
no_translucent,D_PerChunk,1,still,0,0.020,1.000000,45.00,1000,0
no_translucent,D_PerChunk,1,slow,0,0.020,1.000000,45.00,1000,0
no_translucent,D_PerChunk,1,medium,0,0.020,1.000000,45.00,1000,0
no_translucent,D_PerChunk,7,still,0,0.020,1.000000,45.00,1000,0
no_translucent,D_PerChunk,7,slow,0,0.020,1.000000,45.00,1000,0
no_translucent,D_PerChunk,7,medium,0,0.020,1.000000,45.00,1000,0
no_translucent,D_PerChunk,42,still,0,0.020,1.000000,45.00,1000,0
no_translucent,D_PerChunk,42,slow,0,0.020,1.000000,45.00,1000,0
no_translucent,D_PerChunk,42,medium,0,0.020,1.000000,45.00,1000,0
no_translucent,D_PerChunk,1234,still,0,0.020,1.000000,45.00,1000,0
no_translucent,D_PerChunk,1234,slow,0,0.021,1.000000,45.00,1000,0
no_translucent,D_PerChunk,1234,medium,0,0.021,1.000000,45.00,1000,0
no_translucent,D_PerChunk,31337,still,0,0.021,1.000000,45.00,1000,0
no_translucent,D_PerChunk,31337,slow,0,0.021,1.000000,45.00,1000,0
no_translucent,D_PerChunk,31337,medium,0,0.020,1.000000,45.00,1000,0
water_surface,A_PerFrame,1,still,64,0.360,1.000000,45.00,1000,0
water_surface,A_PerFrame,1,slow,64,0.334,1.000000,45.00,1000,0
water_surface,A_PerFrame,1,medium,64,0.325,1.000000,45.00,1000,0
water_surface,A_PerFrame,1,fast,64,0.326,1.000000,45.00,1000,0
water_surface,A_PerFrame,1,extreme,64,0.332,1.000000,45.00,1000,0
water_surface,A_PerFrame,7,still,64,0.268,1.000000,45.00,1000,0
water_surface,A_PerFrame,7,slow,64,0.259,1.000000,45.00,1000,0
water_surface,A_PerFrame,7,medium,64,0.283,1.000000,45.00,1000,0
water_surface,A_PerFrame,7,fast,64,0.268,1.000000,45.00,1000,0
water_surface,A_PerFrame,7,extreme,64,0.269,1.000000,45.00,1000,0
water_surface,A_PerFrame,42,still,64,0.263,1.000000,45.00,1000,0
water_surface,A_PerFrame,42,slow,64,0.266,1.000000,45.00,1000,0
water_surface,A_PerFrame,42,medium,64,0.258,1.000000,45.00,1000,0
water_surface,A_PerFrame,42,fast,64,0.263,1.000000,45.00,1000,0
water_surface,A_PerFrame,42,extreme,64,0.260,1.000000,45.00,1000,0
water_surface,A_PerFrame,1234,still,64,0.269,1.000000,45.00,1000,0
water_surface,A_PerFrame,1234,slow,64,0.303,1.000000,45.00,1000,0
water_surface,A_PerFrame,1234,medium,64,0.268,1.000000,45.00,1000,0
water_surface,A_PerFrame,1234,fast,64,0.266,1.000000,45.00,1000,0
water_surface,A_PerFrame,1234,extreme,64,0.304,1.000000,45.00,1000,0
water_surface,A_PerFrame,31337,still,64,0.311,1.000000,45.00,1000,0
water_surface,A_PerFrame,31337,slow,64,0.315,1.000000,45.00,1000,0
water_surface,A_PerFrame,31337,medium,64,0.259,1.000000,45.00,1000,0
water_surface,A_PerFrame,31337,fast,64,0.266,1.000000,45.00,1000,0
water_surface,A_PerFrame,31337,extreme,64,0.267,1.000000,45.00,1000,0
water_surface,B_Every4,1,still,64,0.263,0.619048,33.57,200,1423200
water_surface,B_Every4,1,slow,64,0.264,0.619048,33.57,200,1423200
water_surface,B_Every4,1,medium,64,0.269,0.619048,33.57,200,1423200
water_surface,B_Every4,1,fast,64,0.265,0.619048,33.57,200,1423200
water_surface,B_Every4,1,extreme,64,0.271,0.619048,33.57,200,1423200
water_surface,B_Every4,7,still,64,0.302,0.619048,33.57,200,1423200
water_surface,B_Every4,7,slow,64,0.265,0.619048,33.57,200,1423200
water_surface,B_Every4,7,medium,64,0.288,0.619048,33.57,200,1423200
water_surface,B_Every4,7,fast,64,0.417,0.619048,33.57,200,1423200
water_surface,B_Every4,7,extreme,64,0.388,0.619048,33.57,200,1423200
water_surface,B_Every4,42,still,64,0.327,0.619048,33.57,200,1423200
water_surface,B_Every4,42,slow,64,0.280,0.619048,33.57,200,1423200
water_surface,B_Every4,42,medium,64,0.264,0.619048,33.57,200,1423200
water_surface,B_Every4,42,fast,64,0.267,0.619048,33.57,200,1423200
water_surface,B_Every4,42,extreme,64,0.262,0.619048,33.57,200,1423200
water_surface,B_Every4,1234,still,64,0.263,0.619048,33.57,200,1423200
water_surface,B_Every4,1234,slow,64,0.266,0.619048,33.57,200,1423200
water_surface,B_Every4,1234,medium,64,0.266,0.619048,33.57,200,1423200
water_surface,B_Every4,1234,fast,64,0.269,0.619048,33.57,200,1423200
water_surface,B_Every4,1234,extreme,64,0.352,0.619048,33.57,200,1423200
water_surface,B_Every4,31337,still,64,0.312,0.619048,33.57,200,1423200
water_surface,B_Every4,31337,slow,64,0.382,0.619048,33.57,200,1423200
water_surface,B_Every4,31337,medium,64,0.332,0.619048,33.57,200,1423200
water_surface,B_Every4,31337,fast,64,0.328,0.619048,33.57,200,1423200
water_surface,B_Every4,31337,extreme,64,0.354,0.619048,33.57,200,1423200
water_surface,B_Every8,1,still,64,0.335,0.577143,32.31,112,1579752
water_surface,B_Every8,1,slow,64,0.337,0.577143,32.31,112,1579752
water_surface,B_Every8,1,medium,64,0.425,0.577143,32.31,112,1579752
water_surface,B_Every8,1,fast,64,0.400,0.577143,32.31,112,1579752
water_surface,B_Every8,1,extreme,64,0.276,0.577143,32.31,112,1579752
water_surface,B_Every8,7,still,64,0.268,0.577143,32.31,112,1579752
water_surface,B_Every8,7,slow,64,0.270,0.577143,32.31,112,1579752
water_surface,B_Every8,7,medium,64,0.364,0.577143,32.31,112,1579752
water_surface,B_Every8,7,fast,64,0.379,0.577143,32.31,112,1579752
water_surface,B_Every8,7,extreme,64,0.344,0.577143,32.31,112,1579752
water_surface,B_Every8,42,still,64,0.332,0.577143,32.31,112,1579752
water_surface,B_Every8,42,slow,64,0.298,0.577143,32.31,112,1579752
water_surface,B_Every8,42,medium,64,0.301,0.577143,32.31,112,1579752
water_surface,B_Every8,42,fast,64,0.328,0.577143,32.31,112,1579752
water_surface,B_Every8,42,extreme,64,0.265,0.577143,32.31,112,1579752
water_surface,B_Every8,1234,still,64,0.261,0.577143,32.31,112,1579752
water_surface,B_Every8,1234,slow,64,0.259,0.577143,32.31,112,1579752
water_surface,B_Every8,1234,medium,64,0.260,0.577143,32.31,112,1579752
water_surface,B_Every8,1234,fast,64,0.261,0.577143,32.31,112,1579752
water_surface,B_Every8,1234,extreme,64,0.288,0.577143,32.31,112,1579752
water_surface,B_Every8,31337,still,64,0.281,0.577143,32.31,112,1579752
water_surface,B_Every8,31337,slow,64,0.272,0.577143,32.31,112,1579752
water_surface,B_Every8,31337,medium,64,0.262,0.577143,32.31,112,1579752
water_surface,B_Every8,31337,fast,64,0.262,0.577143,32.31,112,1579752
water_surface,B_Every8,31337,extreme,64,0.260,0.577143,32.31,112,1579752
water_surface,B_Every16,1,still,64,0.259,0.551905,31.56,59,1674039
water_surface,B_Every16,1,slow,64,0.260,0.551905,31.56,59,1674039
water_surface,B_Every16,1,medium,64,0.298,0.551905,31.56,59,1674039
water_surface,B_Every16,1,fast,64,0.290,0.551905,31.56,59,1674039
water_surface,B_Every16,1,extreme,64,0.362,0.551905,31.56,59,1674039
water_surface,B_Every16,7,still,64,0.417,0.551905,31.56,59,1674039
water_surface,B_Every16,7,slow,64,0.266,0.551905,31.56,59,1674039
water_surface,B_Every16,7,medium,64,0.264,0.551905,31.56,59,1674039
water_surface,B_Every16,7,fast,64,0.262,0.551905,31.56,59,1674039
water_surface,B_Every16,7,extreme,64,0.289,0.551905,31.56,59,1674039
water_surface,B_Every16,42,still,64,0.304,0.551905,31.56,59,1674039
water_surface,B_Every16,42,slow,64,0.262,0.551905,31.56,59,1674039
water_surface,B_Every16,42,medium,64,0.263,0.551905,31.56,59,1674039
water_surface,B_Every16,42,fast,64,0.264,0.551905,31.56,59,1674039
water_surface,B_Every16,42,extreme,64,0.263,0.551905,31.56,59,1674039
water_surface,B_Every16,1234,still,64,0.263,0.551905,31.56,59,1674039
water_surface,B_Every16,1234,slow,64,0.262,0.551905,31.56,59,1674039
water_surface,B_Every16,1234,medium,64,0.300,0.551905,31.56,59,1674039
water_surface,B_Every16,1234,fast,64,0.289,0.551905,31.56,59,1674039
water_surface,B_Every16,1234,extreme,64,0.354,0.551905,31.56,59,1674039
water_surface,B_Every16,31337,still,64,0.264,0.551905,31.56,59,1674039
water_surface,B_Every16,31337,slow,64,0.271,0.551905,31.56,59,1674039
water_surface,B_Every16,31337,medium,64,0.264,0.551905,31.56,59,1674039
water_surface,B_Every16,31337,fast,64,0.264,0.551905,31.56,59,1674039
water_surface,B_Every16,31337,extreme,64,0.261,0.551905,31.56,59,1674039
water_surface,C_DistanceAdaptive,1,still,64,0.278,0.577143,32.31,112,1579752
water_surface,C_DistanceAdaptive,1,slow,64,0.261,0.577143,32.31,112,1579752
water_surface,C_DistanceAdaptive,1,medium,64,0.259,0.577143,32.31,112,1579752
water_surface,C_DistanceAdaptive,1,fast,64,0.260,0.577143,32.31,112,1579752
water_surface,C_DistanceAdaptive,1,extreme,64,0.272,0.577143,32.31,112,1579752
water_surface,C_DistanceAdaptive,7,still,64,0.267,0.577143,32.31,112,1579752
water_surface,C_DistanceAdaptive,7,slow,64,0.263,0.577143,32.31,112,1579752
water_surface,C_DistanceAdaptive,7,medium,64,0.265,0.577143,32.31,112,1579752
water_surface,C_DistanceAdaptive,7,fast,64,0.259,0.577143,32.31,112,1579752
water_surface,C_DistanceAdaptive,7,extreme,64,0.258,0.577143,32.31,112,1579752
water_surface,C_DistanceAdaptive,42,still,64,0.259,0.577143,32.31,112,1579752
water_surface,C_DistanceAdaptive,42,slow,64,0.267,0.577143,32.31,112,1579752
water_surface,C_DistanceAdaptive,42,medium,64,0.261,0.577143,32.31,112,1579752
water_surface,C_DistanceAdaptive,42,fast,64,0.258,0.577143,32.31,112,1579752
water_surface,C_DistanceAdaptive,42,extreme,64,0.257,0.577143,32.31,112,1579752
water_surface,C_DistanceAdaptive,1234,still,64,0.318,0.577143,32.31,112,1579752
water_surface,C_DistanceAdaptive,1234,slow,64,0.280,0.577143,32.31,112,1579752
water_surface,C_DistanceAdaptive,1234,medium,64,0.268,0.577143,32.31,112,1579752
water_surface,C_DistanceAdaptive,1234,fast,64,0.263,0.577143,32.31,112,1579752
water_surface,C_DistanceAdaptive,1234,extreme,64,0.295,0.577143,32.31,112,1579752
water_surface,C_DistanceAdaptive,31337,still,64,0.262,0.577143,32.31,112,1579752
water_surface,C_DistanceAdaptive,31337,slow,64,0.264,0.577143,32.31,112,1579752
water_surface,C_DistanceAdaptive,31337,medium,64,0.270,0.577143,32.31,112,1579752
water_surface,C_DistanceAdaptive,31337,fast,64,0.268,0.577143,32.31,112,1579752
water_surface,C_DistanceAdaptive,31337,extreme,64,0.262,0.577143,32.31,112,1579752
water_surface,D_PerChunk,1,still,64,0.233,0.952381,43.57,1000,1418000
water_surface,D_PerChunk,1,slow,64,0.227,0.952381,43.57,1000,1418000
water_surface,D_PerChunk,1,medium,64,0.226,0.952381,43.57,1000,1418000
water_surface,D_PerChunk,7,still,64,0.229,0.952381,43.57,1000,1418000
water_surface,D_PerChunk,7,slow,64,0.240,0.952381,43.57,1000,1418000
water_surface,D_PerChunk,7,medium,64,0.226,0.952381,43.57,1000,1418000
water_surface,D_PerChunk,42,still,64,0.228,0.952381,43.57,1000,1418000
water_surface,D_PerChunk,42,slow,64,0.226,0.952381,43.57,1000,1418000
water_surface,D_PerChunk,42,medium,64,0.226,0.952381,43.57,1000,1418000
water_surface,D_PerChunk,1234,still,64,0.231,0.952381,43.57,1000,1418000
water_surface,D_PerChunk,1234,slow,64,0.226,0.952381,43.57,1000,1418000
water_surface,D_PerChunk,1234,medium,64,0.226,0.952381,43.57,1000,1418000
water_surface,D_PerChunk,31337,still,64,0.230,0.952381,43.57,1000,1418000
water_surface,D_PerChunk,31337,slow,64,0.233,0.952381,43.57,1000,1418000
water_surface,D_PerChunk,31337,medium,64,0.227,0.952381,43.57,1000,1418000
glass_building,A_PerFrame,1,still,218,1.237,1.000000,45.00,1000,0
glass_building,A_PerFrame,1,slow,218,1.262,1.000000,45.00,1000,0
glass_building,A_PerFrame,1,medium,218,1.229,1.000000,45.00,1000,0
glass_building,A_PerFrame,1,fast,218,1.263,1.000000,45.00,1000,0
glass_building,A_PerFrame,1,extreme,218,1.257,1.000000,45.00,1000,0
glass_building,A_PerFrame,7,still,218,1.231,1.000000,45.00,1000,0
glass_building,A_PerFrame,7,slow,218,1.244,1.000000,45.00,1000,0
glass_building,A_PerFrame,7,medium,218,1.286,1.000000,45.00,1000,0
glass_building,A_PerFrame,7,fast,218,1.461,1.000000,45.00,1000,0
glass_building,A_PerFrame,7,extreme,218,1.226,1.000000,45.00,1000,0
glass_building,A_PerFrame,42,still,218,1.286,1.000000,45.00,1000,0
glass_building,A_PerFrame,42,slow,218,1.270,1.000000,45.00,1000,0
glass_building,A_PerFrame,42,medium,218,1.318,1.000000,45.00,1000,0
glass_building,A_PerFrame,42,fast,218,1.248,1.000000,45.00,1000,0
glass_building,A_PerFrame,42,extreme,218,1.317,1.000000,45.00,1000,0
glass_building,A_PerFrame,1234,still,218,1.259,1.000000,45.00,1000,0
glass_building,A_PerFrame,1234,slow,218,1.268,1.000000,45.00,1000,0
glass_building,A_PerFrame,1234,medium,218,1.248,1.000000,45.00,1000,0
glass_building,A_PerFrame,1234,fast,218,1.230,1.000000,45.00,1000,0
glass_building,A_PerFrame,1234,extreme,218,1.242,1.000000,45.00,1000,0
glass_building,A_PerFrame,31337,still,218,1.248,1.000000,45.00,1000,0
glass_building,A_PerFrame,31337,slow,218,1.229,1.000000,45.00,1000,0
glass_building,A_PerFrame,31337,medium,218,1.251,1.000000,45.00,1000,0
glass_building,A_PerFrame,31337,fast,218,1.281,1.000000,45.00,1000,0
glass_building,A_PerFrame,31337,extreme,218,1.252,1.000000,45.00,1000,0
glass_building,B_Every4,1,still,218,1.240,0.612903,33.39,200,11812000
glass_building,B_Every4,1,slow,218,1.239,0.612903,33.39,200,11812000
glass_building,B_Every4,1,medium,218,1.271,0.612903,33.39,200,11812000
glass_building,B_Every4,1,fast,218,1.229,0.612903,33.39,200,11812000
glass_building,B_Every4,1,extreme,218,1.242,0.612903,33.39,200,11812000
glass_building,B_Every4,7,still,218,1.334,0.612903,33.39,200,11812000
glass_building,B_Every4,7,slow,218,1.256,0.612903,33.39,200,11812000
glass_building,B_Every4,7,medium,218,1.249,0.612903,33.39,200,11812000
glass_building,B_Every4,7,fast,218,1.221,0.612903,33.39,200,11812000
glass_building,B_Every4,7,extreme,218,1.248,0.612903,33.39,200,11812000
glass_building,B_Every4,42,still,218,1.250,0.612903,33.39,200,11812000
glass_building,B_Every4,42,slow,218,1.266,0.612903,33.39,200,11812000
glass_building,B_Every4,42,medium,218,1.226,0.612903,33.39,200,11812000
glass_building,B_Every4,42,fast,218,1.479,0.612903,33.39,200,11812000
glass_building,B_Every4,42,extreme,218,1.255,0.612903,33.39,200,11812000
glass_building,B_Every4,1234,still,218,1.237,0.612903,33.39,200,11812000
glass_building,B_Every4,1234,slow,218,1.242,0.612903,33.39,200,11812000
glass_building,B_Every4,1234,medium,218,1.249,0.612903,33.39,200,11812000
glass_building,B_Every4,1234,fast,218,1.315,0.612903,33.39,200,11812000
glass_building,B_Every4,1234,extreme,218,1.392,0.612903,33.39,200,11812000
glass_building,B_Every4,31337,still,218,1.283,0.612903,33.39,200,11812000
glass_building,B_Every4,31337,slow,218,1.301,0.612903,33.39,200,11812000
glass_building,B_Every4,31337,medium,218,1.238,0.612903,33.39,200,11812000
glass_building,B_Every4,31337,fast,218,1.299,0.612903,33.39,200,11812000
glass_building,B_Every4,31337,extreme,218,1.276,0.612903,33.39,200,11812000
glass_building,B_Every8,1,still,218,1.268,0.570323,32.11,112,13111320
glass_building,B_Every8,1,slow,218,1.241,0.570323,32.11,112,13111320
glass_building,B_Every8,1,medium,218,1.268,0.570323,32.11,112,13111320
glass_building,B_Every8,1,fast,218,1.272,0.570323,32.11,112,13111320
glass_building,B_Every8,1,extreme,218,1.271,0.570323,32.11,112,13111320
glass_building,B_Every8,7,still,218,1.257,0.570323,32.11,112,13111320
glass_building,B_Every8,7,slow,218,1.250,0.570323,32.11,112,13111320
glass_building,B_Every8,7,medium,218,1.315,0.570323,32.11,112,13111320
glass_building,B_Every8,7,fast,218,1.234,0.570323,32.11,112,13111320
glass_building,B_Every8,7,extreme,218,1.281,0.570323,32.11,112,13111320
glass_building,B_Every8,42,still,218,1.305,0.570323,32.11,112,13111320
glass_building,B_Every8,42,slow,218,1.306,0.570323,32.11,112,13111320
glass_building,B_Every8,42,medium,218,1.404,0.570323,32.11,112,13111320
glass_building,B_Every8,42,fast,218,1.243,0.570323,32.11,112,13111320
glass_building,B_Every8,42,extreme,218,1.287,0.570323,32.11,112,13111320
glass_building,B_Every8,1234,still,218,1.275,0.570323,32.11,112,13111320
glass_building,B_Every8,1234,slow,218,1.295,0.570323,32.11,112,13111320
glass_building,B_Every8,1234,medium,218,1.251,0.570323,32.11,112,13111320
glass_building,B_Every8,1234,fast,218,1.280,0.570323,32.11,112,13111320
glass_building,B_Every8,1234,extreme,218,1.252,0.570323,32.11,112,13111320
glass_building,B_Every8,31337,still,218,1.289,0.570323,32.11,112,13111320
glass_building,B_Every8,31337,slow,218,1.452,0.570323,32.11,112,13111320
glass_building,B_Every8,31337,medium,218,1.306,0.570323,32.11,112,13111320
glass_building,B_Every8,31337,fast,218,1.237,0.570323,32.11,112,13111320
glass_building,B_Every8,31337,extreme,218,1.287,0.570323,32.11,112,13111320
glass_building,B_Every16,1,still,218,1.400,0.544677,31.34,59,13893865
glass_building,B_Every16,1,slow,218,1.242,0.544677,31.34,59,13893865
glass_building,B_Every16,1,medium,218,1.260,0.544677,31.34,59,13893865
glass_building,B_Every16,1,fast,218,1.245,0.544677,31.34,59,13893865
glass_building,B_Every16,1,extreme,218,1.355,0.544677,31.34,59,13893865
glass_building,B_Every16,7,still,218,1.267,0.544677,31.34,59,13893865
glass_building,B_Every16,7,slow,218,1.239,0.544677,31.34,59,13893865
glass_building,B_Every16,7,medium,218,1.270,0.544677,31.34,59,13893865
glass_building,B_Every16,7,fast,218,1.303,0.544677,31.34,59,13893865
glass_building,B_Every16,7,extreme,218,1.251,0.544677,31.34,59,13893865
glass_building,B_Every16,42,still,218,1.250,0.544677,31.34,59,13893865
glass_building,B_Every16,42,slow,218,1.254,0.544677,31.34,59,13893865
glass_building,B_Every16,42,medium,218,1.247,0.544677,31.34,59,13893865
glass_building,B_Every16,42,fast,218,1.224,0.544677,31.34,59,13893865
glass_building,B_Every16,42,extreme,218,1.352,0.544677,31.34,59,13893865
glass_building,B_Every16,1234,still,218,1.226,0.544677,31.34,59,13893865
glass_building,B_Every16,1234,slow,218,1.277,0.544677,31.34,59,13893865
glass_building,B_Every16,1234,medium,218,1.293,0.544677,31.34,59,13893865
glass_building,B_Every16,1234,fast,218,1.289,0.544677,31.34,59,13893865
glass_building,B_Every16,1234,extreme,218,1.564,0.544677,31.34,59,13893865
glass_building,B_Every16,31337,still,218,1.276,0.544677,31.34,59,13893865
glass_building,B_Every16,31337,slow,218,1.247,0.544677,31.34,59,13893865
glass_building,B_Every16,31337,medium,218,1.292,0.544677,31.34,59,13893865
glass_building,B_Every16,31337,fast,218,1.297,0.544677,31.34,59,13893865
glass_building,B_Every16,31337,extreme,218,1.241,0.544677,31.34,59,13893865
glass_building,C_DistanceAdaptive,1,still,218,1.264,0.570323,32.11,112,13111320
glass_building,C_DistanceAdaptive,1,slow,218,1.265,0.570323,32.11,112,13111320
glass_building,C_DistanceAdaptive,1,medium,218,1.231,0.570323,32.11,112,13111320
glass_building,C_DistanceAdaptive,1,fast,218,1.354,0.570323,32.11,112,13111320
glass_building,C_DistanceAdaptive,1,extreme,218,1.222,0.570323,32.11,112,13111320
glass_building,C_DistanceAdaptive,7,still,218,1.320,0.570323,32.11,112,13111320
glass_building,C_DistanceAdaptive,7,slow,218,1.248,0.570323,32.11,112,13111320
glass_building,C_DistanceAdaptive,7,medium,218,1.273,0.570323,32.11,112,13111320
glass_building,C_DistanceAdaptive,7,fast,218,1.260,0.570323,32.11,112,13111320
glass_building,C_DistanceAdaptive,7,extreme,218,1.237,0.570323,32.11,112,13111320
glass_building,C_DistanceAdaptive,42,still,218,1.289,0.570323,32.11,112,13111320
glass_building,C_DistanceAdaptive,42,slow,218,1.223,0.570323,32.11,112,13111320
glass_building,C_DistanceAdaptive,42,medium,218,1.216,0.570323,32.11,112,13111320
glass_building,C_DistanceAdaptive,42,fast,218,1.217,0.570323,32.11,112,13111320
glass_building,C_DistanceAdaptive,42,extreme,218,1.218,0.570323,32.11,112,13111320
glass_building,C_DistanceAdaptive,1234,still,218,1.224,0.570323,32.11,112,13111320
glass_building,C_DistanceAdaptive,1234,slow,218,1.467,0.570323,32.11,112,13111320
glass_building,C_DistanceAdaptive,1234,medium,218,1.242,0.570323,32.11,112,13111320
glass_building,C_DistanceAdaptive,1234,fast,218,1.295,0.570323,32.11,112,13111320
glass_building,C_DistanceAdaptive,1234,extreme,218,1.224,0.570323,32.11,112,13111320
glass_building,C_DistanceAdaptive,31337,still,218,1.250,0.570323,32.11,112,13111320
glass_building,C_DistanceAdaptive,31337,slow,218,1.242,0.570323,32.11,112,13111320
glass_building,C_DistanceAdaptive,31337,medium,218,1.256,0.570323,32.11,112,13111320
glass_building,C_DistanceAdaptive,31337,fast,218,1.255,0.570323,32.11,112,13111320
glass_building,C_DistanceAdaptive,31337,extreme,218,1.235,0.570323,32.11,112,13111320
glass_building,D_PerChunk,1,still,218,0.824,0.963134,43.89,1000,13437000
glass_building,D_PerChunk,1,slow,218,0.838,0.963134,43.89,1000,13437000
glass_building,D_PerChunk,1,medium,218,0.839,0.963134,43.89,1000,13437000
glass_building,D_PerChunk,7,still,218,0.851,0.963134,43.89,1000,13437000
glass_building,D_PerChunk,7,slow,218,0.848,0.963134,43.89,1000,13437000
glass_building,D_PerChunk,7,medium,218,0.828,0.963134,43.89,1000,13437000
glass_building,D_PerChunk,42,still,218,0.832,0.963134,43.89,1000,13437000
glass_building,D_PerChunk,42,slow,218,0.810,0.963134,43.89,1000,13437000
glass_building,D_PerChunk,42,medium,218,0.848,0.963134,43.89,1000,13437000
glass_building,D_PerChunk,1234,still,218,0.798,0.963134,43.89,1000,13437000
glass_building,D_PerChunk,1234,slow,218,0.821,0.963134,43.89,1000,13437000
glass_building,D_PerChunk,1234,medium,218,0.801,0.963134,43.89,1000,13437000
glass_building,D_PerChunk,31337,still,218,0.805,0.963134,43.89,1000,13437000
glass_building,D_PerChunk,31337,slow,218,0.819,0.963134,43.89,1000,13437000
glass_building,D_PerChunk,31337,medium,218,0.801,0.963134,43.89,1000,13437000
ice_cave,A_PerFrame,1,still,16,0.060,1.000000,45.00,1000,0
ice_cave,A_PerFrame,1,slow,16,0.060,1.000000,45.00,1000,0
ice_cave,A_PerFrame,1,medium,16,0.060,1.000000,45.00,1000,0
ice_cave,A_PerFrame,1,fast,16,0.060,1.000000,45.00,1000,0
ice_cave,A_PerFrame,1,extreme,16,0.060,1.000000,45.00,1000,0
ice_cave,A_PerFrame,7,still,5,0.022,1.000000,45.00,1000,0
ice_cave,A_PerFrame,7,slow,5,0.023,1.000000,45.00,1000,0
ice_cave,A_PerFrame,7,medium,5,0.023,1.000000,45.00,1000,0
ice_cave,A_PerFrame,7,fast,5,0.023,1.000000,45.00,1000,0
ice_cave,A_PerFrame,7,extreme,5,0.023,1.000000,45.00,1000,0
ice_cave,A_PerFrame,42,still,7,0.027,1.000000,45.00,1000,0
ice_cave,A_PerFrame,42,slow,7,0.027,1.000000,45.00,1000,0
ice_cave,A_PerFrame,42,medium,7,0.027,1.000000,45.00,1000,0
ice_cave,A_PerFrame,42,fast,7,0.027,1.000000,45.00,1000,0
ice_cave,A_PerFrame,42,extreme,7,0.027,1.000000,45.00,1000,0
ice_cave,A_PerFrame,1234,still,9,0.036,1.000000,45.00,1000,0
ice_cave,A_PerFrame,1234,slow,9,0.036,1.000000,45.00,1000,0
ice_cave,A_PerFrame,1234,medium,9,0.036,1.000000,45.00,1000,0
ice_cave,A_PerFrame,1234,fast,9,0.036,1.000000,45.00,1000,0
ice_cave,A_PerFrame,1234,extreme,9,0.036,1.000000,45.00,1000,0
ice_cave,A_PerFrame,31337,still,19,0.094,1.000000,45.00,1000,0
ice_cave,A_PerFrame,31337,slow,19,0.094,1.000000,45.00,1000,0
ice_cave,A_PerFrame,31337,medium,19,0.090,1.000000,45.00,1000,0
ice_cave,A_PerFrame,31337,fast,19,0.090,1.000000,45.00,1000,0
ice_cave,A_PerFrame,31337,extreme,19,0.090,1.000000,45.00,1000,0
ice_cave,B_Every4,1,still,16,0.060,0.733333,37.00,200,52800
ice_cave,B_Every4,1,slow,16,0.061,0.733333,37.00,200,52800
ice_cave,B_Every4,1,medium,16,0.061,0.733333,37.00,200,52800
ice_cave,B_Every4,1,fast,16,0.060,0.733333,37.00,200,52800
ice_cave,B_Every4,1,extreme,16,0.060,0.733333,37.00,200,52800
ice_cave,B_Every4,7,still,5,0.022,1.000000,45.00,200,0
ice_cave,B_Every4,7,slow,5,0.023,1.000000,45.00,200,0
ice_cave,B_Every4,7,medium,5,0.022,1.000000,45.00,200,0
ice_cave,B_Every4,7,fast,5,0.023,1.000000,45.00,200,0
ice_cave,B_Every4,7,extreme,5,0.023,1.000000,45.00,200,0
ice_cave,B_Every4,42,still,7,0.027,0.866667,41.00,200,800
ice_cave,B_Every4,42,slow,7,0.031,0.866667,41.00,200,800
ice_cave,B_Every4,42,medium,7,0.032,0.866667,41.00,200,800
ice_cave,B_Every4,42,fast,7,0.033,0.866667,41.00,200,800
ice_cave,B_Every4,42,extreme,7,0.032,0.866667,41.00,200,800
ice_cave,B_Every4,1234,still,9,0.043,0.700000,36.00,200,7200
ice_cave,B_Every4,1234,slow,9,0.042,0.700000,36.00,200,7200
ice_cave,B_Every4,1234,medium,9,0.043,0.700000,36.00,200,7200
ice_cave,B_Every4,1234,fast,9,0.040,0.700000,36.00,200,7200
ice_cave,B_Every4,1234,extreme,9,0.037,0.700000,36.00,200,7200
ice_cave,B_Every4,31337,still,19,0.092,0.644444,34.33,200,78400
ice_cave,B_Every4,31337,slow,19,0.091,0.644444,34.33,200,78400
ice_cave,B_Every4,31337,medium,19,0.092,0.644444,34.33,200,78400
ice_cave,B_Every4,31337,fast,19,0.090,0.644444,34.33,200,78400
ice_cave,B_Every4,31337,extreme,19,0.091,0.644444,34.33,200,78400
ice_cave,B_Every8,1,still,16,0.060,0.704000,36.12,112,58608
ice_cave,B_Every8,1,slow,16,0.060,0.704000,36.12,112,58608
ice_cave,B_Every8,1,medium,16,0.060,0.704000,36.12,112,58608
ice_cave,B_Every8,1,fast,16,0.060,0.704000,36.12,112,58608
ice_cave,B_Every8,1,extreme,16,0.060,0.704000,36.12,112,58608
ice_cave,B_Every8,7,still,5,0.022,1.000000,45.00,112,0
ice_cave,B_Every8,7,slow,5,0.023,1.000000,45.00,112,0
ice_cave,B_Every8,7,medium,5,0.022,1.000000,45.00,112,0
ice_cave,B_Every8,7,fast,5,0.023,1.000000,45.00,112,0
ice_cave,B_Every8,7,extreme,5,0.023,1.000000,45.00,112,0
ice_cave,B_Every8,42,still,7,0.027,0.852000,40.56,112,888
ice_cave,B_Every8,42,slow,7,0.027,0.852000,40.56,112,888
ice_cave,B_Every8,42,medium,7,0.027,0.852000,40.56,112,888
ice_cave,B_Every8,42,fast,7,0.022,0.852000,40.56,112,888
ice_cave,B_Every8,42,extreme,7,0.027,0.852000,40.56,112,888
ice_cave,B_Every8,1234,still,9,0.036,0.667000,35.01,112,7992
ice_cave,B_Every8,1234,slow,9,0.037,0.667000,35.01,112,7992
ice_cave,B_Every8,1234,medium,9,0.037,0.667000,35.01,112,7992
ice_cave,B_Every8,1234,fast,9,0.036,0.667000,35.01,112,7992
ice_cave,B_Every8,1234,extreme,9,0.037,0.667000,35.01,112,7992
ice_cave,B_Every8,31337,still,19,0.091,0.605333,33.16,112,87024
ice_cave,B_Every8,31337,slow,19,0.124,0.605333,33.16,112,87024
ice_cave,B_Every8,31337,medium,19,0.090,0.605333,33.16,112,87024
ice_cave,B_Every8,31337,fast,19,0.090,0.605333,33.16,112,87024
ice_cave,B_Every8,31337,extreme,19,0.090,0.605333,33.16,112,87024
ice_cave,B_Every16,1,still,16,0.060,0.686333,35.59,59,62106
ice_cave,B_Every16,1,slow,16,0.060,0.686333,35.59,59,62106
ice_cave,B_Every16,1,medium,16,0.060,0.686333,35.59,59,62106
ice_cave,B_Every16,1,fast,16,0.060,0.686333,35.59,59,62106
ice_cave,B_Every16,1,extreme,16,0.060,0.686333,35.59,59,62106
ice_cave,B_Every16,7,still,5,0.023,1.000000,45.00,59,0
ice_cave,B_Every16,7,slow,5,0.022,1.000000,45.00,59,0
ice_cave,B_Every16,7,medium,5,0.022,1.000000,45.00,59,0
ice_cave,B_Every16,7,fast,5,0.022,1.000000,45.00,59,0
ice_cave,B_Every16,7,extreme,5,0.023,1.000000,45.00,59,0
ice_cave,B_Every16,42,still,7,0.028,0.843167,40.30,59,941
ice_cave,B_Every16,42,slow,7,0.027,0.843167,40.30,59,941
ice_cave,B_Every16,42,medium,7,0.027,0.843167,40.30,59,941
ice_cave,B_Every16,42,fast,7,0.027,0.843167,40.30,59,941
ice_cave,B_Every16,42,extreme,7,0.027,0.843167,40.30,59,941
ice_cave,B_Every16,1234,still,9,0.037,0.647125,34.41,59,8469
ice_cave,B_Every16,1234,slow,9,0.037,0.647125,34.41,59,8469
ice_cave,B_Every16,1234,medium,9,0.037,0.647125,34.41,59,8469
ice_cave,B_Every16,1234,fast,9,0.037,0.647125,34.41,59,8469
ice_cave,B_Every16,1234,extreme,9,0.036,0.647125,34.41,59,8469
ice_cave,B_Every16,31337,still,19,0.091,0.581778,32.45,59,92218
ice_cave,B_Every16,31337,slow,19,0.091,0.581778,32.45,59,92218
ice_cave,B_Every16,31337,medium,19,0.090,0.581778,32.45,59,92218
ice_cave,B_Every16,31337,fast,19,0.090,0.581778,32.45,59,92218
ice_cave,B_Every16,31337,extreme,19,0.091,0.581778,32.45,59,92218
ice_cave,C_DistanceAdaptive,1,still,16,0.061,0.704000,36.12,112,58608
ice_cave,C_DistanceAdaptive,1,slow,16,0.060,0.704000,36.12,112,58608
ice_cave,C_DistanceAdaptive,1,medium,16,0.059,0.704000,36.12,112,58608
ice_cave,C_DistanceAdaptive,1,fast,16,0.060,0.704000,36.12,112,58608
ice_cave,C_DistanceAdaptive,1,extreme,16,0.061,0.704000,36.12,112,58608
ice_cave,C_DistanceAdaptive,7,still,5,0.023,1.000000,45.00,112,0
ice_cave,C_DistanceAdaptive,7,slow,5,0.022,1.000000,45.00,112,0
ice_cave,C_DistanceAdaptive,7,medium,5,0.023,1.000000,45.00,112,0
ice_cave,C_DistanceAdaptive,7,fast,5,0.022,1.000000,45.00,112,0
ice_cave,C_DistanceAdaptive,7,extreme,5,0.023,1.000000,45.00,112,0
ice_cave,C_DistanceAdaptive,42,still,7,0.027,0.852000,40.56,112,888
ice_cave,C_DistanceAdaptive,42,slow,7,0.027,0.852000,40.56,112,888
ice_cave,C_DistanceAdaptive,42,medium,7,0.028,0.852000,40.56,112,888
ice_cave,C_DistanceAdaptive,42,fast,7,0.027,0.852000,40.56,112,888
ice_cave,C_DistanceAdaptive,42,extreme,7,0.027,0.852000,40.56,112,888
ice_cave,C_DistanceAdaptive,1234,still,9,0.037,0.667000,35.01,112,7992
ice_cave,C_DistanceAdaptive,1234,slow,9,0.037,0.667000,35.01,112,7992
ice_cave,C_DistanceAdaptive,1234,medium,9,0.037,0.667000,35.01,112,7992
ice_cave,C_DistanceAdaptive,1234,fast,9,0.037,0.667000,35.01,112,7992
ice_cave,C_DistanceAdaptive,1234,extreme,9,0.037,0.667000,35.01,112,7992
ice_cave,C_DistanceAdaptive,31337,still,19,0.092,0.605333,33.16,112,87024
ice_cave,C_DistanceAdaptive,31337,slow,19,0.093,0.605333,33.16,112,87024
ice_cave,C_DistanceAdaptive,31337,medium,19,0.092,0.605333,33.16,112,87024
ice_cave,C_DistanceAdaptive,31337,fast,19,0.092,0.605333,33.16,112,87024
ice_cave,C_DistanceAdaptive,31337,extreme,19,0.091,0.605333,33.16,112,87024
ice_cave,D_PerChunk,1,still,16,0.060,1.000000,45.00,1000,0
ice_cave,D_PerChunk,1,slow,16,0.061,1.000000,45.00,1000,0
ice_cave,D_PerChunk,1,medium,16,0.060,1.000000,45.00,1000,0
ice_cave,D_PerChunk,7,still,5,0.023,1.000000,45.00,1000,0
ice_cave,D_PerChunk,7,slow,5,0.023,1.000000,45.00,1000,0
ice_cave,D_PerChunk,7,medium,5,0.023,1.000000,45.00,1000,0
ice_cave,D_PerChunk,42,still,7,0.027,1.000000,45.00,1000,0
ice_cave,D_PerChunk,42,slow,7,0.027,1.000000,45.00,1000,0
ice_cave,D_PerChunk,42,medium,7,0.027,1.000000,45.00,1000,0
ice_cave,D_PerChunk,1234,still,9,0.037,1.000000,45.00,1000,0
ice_cave,D_PerChunk,1234,slow,9,0.037,1.000000,45.00,1000,0
ice_cave,D_PerChunk,1234,medium,9,0.036,1.000000,45.00,1000,0
ice_cave,D_PerChunk,31337,still,19,0.093,1.000000,45.00,1000,0
ice_cave,D_PerChunk,31337,slow,19,0.092,1.000000,45.00,1000,0
ice_cave,D_PerChunk,31337,medium,19,0.109,1.000000,45.00,1000,0
mixed_translucent,A_PerFrame,1,still,236,1.304,1.000000,45.00,1000,0
mixed_translucent,A_PerFrame,1,slow,236,1.374,1.000000,45.00,1000,0
mixed_translucent,A_PerFrame,1,medium,236,1.371,1.000000,45.00,1000,0
mixed_translucent,A_PerFrame,1,fast,236,1.270,1.000000,45.00,1000,0
mixed_translucent,A_PerFrame,1,extreme,236,1.415,1.000000,45.00,1000,0
mixed_translucent,A_PerFrame,7,still,236,1.262,1.000000,45.00,1000,0
mixed_translucent,A_PerFrame,7,slow,236,1.281,1.000000,45.00,1000,0
mixed_translucent,A_PerFrame,7,medium,236,1.281,1.000000,45.00,1000,0
mixed_translucent,A_PerFrame,7,fast,236,1.260,1.000000,45.00,1000,0
mixed_translucent,A_PerFrame,7,extreme,236,1.310,1.000000,45.00,1000,0
mixed_translucent,A_PerFrame,42,still,236,1.276,1.000000,45.00,1000,0
mixed_translucent,A_PerFrame,42,slow,236,1.264,1.000000,45.00,1000,0
mixed_translucent,A_PerFrame,42,medium,236,1.277,1.000000,45.00,1000,0
mixed_translucent,A_PerFrame,42,fast,236,1.306,1.000000,45.00,1000,0
mixed_translucent,A_PerFrame,42,extreme,236,1.269,1.000000,45.00,1000,0
mixed_translucent,A_PerFrame,1234,still,236,1.273,1.000000,45.00,1000,0
mixed_translucent,A_PerFrame,1234,slow,236,1.282,1.000000,45.00,1000,0
mixed_translucent,A_PerFrame,1234,medium,236,1.255,1.000000,45.00,1000,0
mixed_translucent,A_PerFrame,1234,fast,236,1.300,1.000000,45.00,1000,0
mixed_translucent,A_PerFrame,1234,extreme,236,1.274,1.000000,45.00,1000,0
mixed_translucent,A_PerFrame,31337,still,236,1.265,1.000000,45.00,1000,0
mixed_translucent,A_PerFrame,31337,slow,236,1.287,1.000000,45.00,1000,0
mixed_translucent,A_PerFrame,31337,medium,236,1.290,1.000000,45.00,1000,0
mixed_translucent,A_PerFrame,31337,fast,236,1.288,1.000000,45.00,1000,0
mixed_translucent,A_PerFrame,31337,extreme,236,1.298,1.000000,45.00,1000,0
mixed_translucent,B_Every4,1,still,236,1.327,0.615319,33.46,200,12950400
mixed_translucent,B_Every4,1,slow,236,1.301,0.615319,33.46,200,12950400
mixed_translucent,B_Every4,1,medium,236,1.257,0.615319,33.46,200,12950400
mixed_translucent,B_Every4,1,fast,236,1.284,0.615319,33.46,200,12950400
mixed_translucent,B_Every4,1,extreme,236,1.281,0.615319,33.46,200,12950400
mixed_translucent,B_Every4,7,still,236,1.362,0.615319,33.46,200,12950400
mixed_translucent,B_Every4,7,slow,236,1.359,0.615319,33.46,200,12950400
mixed_translucent,B_Every4,7,medium,236,1.379,0.615319,33.46,200,12950400
mixed_translucent,B_Every4,7,fast,236,1.328,0.615319,33.46,200,12950400
mixed_translucent,B_Every4,7,extreme,236,1.342,0.615319,33.46,200,12950400
mixed_translucent,B_Every4,42,still,236,1.343,0.615319,33.46,200,12950400
mixed_translucent,B_Every4,42,slow,236,1.334,0.615319,33.46,200,12950400
mixed_translucent,B_Every4,42,medium,236,1.329,0.615319,33.46,200,12950400
mixed_translucent,B_Every4,42,fast,236,1.296,0.615319,33.46,200,12950400
mixed_translucent,B_Every4,42,extreme,236,1.296,0.615319,33.46,200,12950400
mixed_translucent,B_Every4,1234,still,236,1.281,0.615319,33.46,200,12950400
mixed_translucent,B_Every4,1234,slow,236,1.301,0.615319,33.46,200,12950400
mixed_translucent,B_Every4,1234,medium,236,1.344,0.615319,33.46,200,12950400
mixed_translucent,B_Every4,1234,fast,236,1.352,0.615319,33.46,200,12950400
mixed_translucent,B_Every4,1234,extreme,236,1.376,0.615319,33.46,200,12950400
mixed_translucent,B_Every4,31337,still,236,1.332,0.615319,33.46,200,12950400
mixed_translucent,B_Every4,31337,slow,236,1.445,0.615319,33.46,200,12950400
mixed_translucent,B_Every4,31337,medium,236,1.419,0.615319,33.46,200,12950400
mixed_translucent,B_Every4,31337,fast,236,1.283,0.615319,33.46,200,12950400
mixed_translucent,B_Every4,31337,extreme,236,1.420,0.615319,33.46,200,12950400
mixed_translucent,B_Every8,1,still,236,1.330,0.573004,32.19,112,14374944
mixed_translucent,B_Every8,1,slow,236,1.288,0.573004,32.19,112,14374944
mixed_translucent,B_Every8,1,medium,236,1.296,0.573004,32.19,112,14374944
mixed_translucent,B_Every8,1,fast,236,1.252,0.573004,32.19,112,14374944
mixed_translucent,B_Every8,1,extreme,236,1.359,0.573004,32.19,112,14374944
mixed_translucent,B_Every8,7,still,236,1.363,0.573004,32.19,112,14374944
mixed_translucent,B_Every8,7,slow,236,1.258,0.573004,32.19,112,14374944
mixed_translucent,B_Every8,7,medium,236,1.331,0.573004,32.19,112,14374944
mixed_translucent,B_Every8,7,fast,236,1.297,0.573004,32.19,112,14374944
mixed_translucent,B_Every8,7,extreme,236,1.298,0.573004,32.19,112,14374944
mixed_translucent,B_Every8,42,still,236,1.330,0.573004,32.19,112,14374944
mixed_translucent,B_Every8,42,slow,236,1.306,0.573004,32.19,112,14374944
mixed_translucent,B_Every8,42,medium,236,1.263,0.573004,32.19,112,14374944
mixed_translucent,B_Every8,42,fast,236,1.264,0.573004,32.19,112,14374944
mixed_translucent,B_Every8,42,extreme,236,1.298,0.573004,32.19,112,14374944
mixed_translucent,B_Every8,1234,still,236,1.393,0.573004,32.19,112,14374944
mixed_translucent,B_Every8,1234,slow,236,1.266,0.573004,32.19,112,14374944
mixed_translucent,B_Every8,1234,medium,236,1.262,0.573004,32.19,112,14374944
mixed_translucent,B_Every8,1234,fast,236,1.295,0.573004,32.19,112,14374944
mixed_translucent,B_Every8,1234,extreme,236,1.386,0.573004,32.19,112,14374944
mixed_translucent,B_Every8,31337,still,236,1.326,0.573004,32.19,112,14374944
mixed_translucent,B_Every8,31337,slow,236,1.282,0.573004,32.19,112,14374944
mixed_translucent,B_Every8,31337,medium,236,1.300,0.573004,32.19,112,14374944
mixed_translucent,B_Every8,31337,fast,236,1.261,0.573004,32.19,112,14374944
mixed_translucent,B_Every8,31337,extreme,236,1.315,0.573004,32.19,112,14374944
mixed_translucent,B_Every16,1,still,236,1.275,0.547519,31.43,59,15232908
mixed_translucent,B_Every16,1,slow,236,1.266,0.547519,31.43,59,15232908
mixed_translucent,B_Every16,1,medium,236,1.276,0.547519,31.43,59,15232908
mixed_translucent,B_Every16,1,fast,236,1.286,0.547519,31.43,59,15232908
mixed_translucent,B_Every16,1,extreme,236,1.370,0.547519,31.43,59,15232908
mixed_translucent,B_Every16,7,still,236,1.278,0.547519,31.43,59,15232908
mixed_translucent,B_Every16,7,slow,236,1.284,0.547519,31.43,59,15232908
mixed_translucent,B_Every16,7,medium,236,1.265,0.547519,31.43,59,15232908
mixed_translucent,B_Every16,7,fast,236,1.279,0.547519,31.43,59,15232908
mixed_translucent,B_Every16,7,extreme,236,1.262,0.547519,31.43,59,15232908
mixed_translucent,B_Every16,42,still,236,1.290,0.547519,31.43,59,15232908
mixed_translucent,B_Every16,42,slow,236,1.250,0.547519,31.43,59,15232908
mixed_translucent,B_Every16,42,medium,236,1.287,0.547519,31.43,59,15232908
mixed_translucent,B_Every16,42,fast,236,1.308,0.547519,31.43,59,15232908
mixed_translucent,B_Every16,42,extreme,236,1.279,0.547519,31.43,59,15232908
mixed_translucent,B_Every16,1234,still,236,1.290,0.547519,31.43,59,15232908
mixed_translucent,B_Every16,1234,slow,236,1.365,0.547519,31.43,59,15232908
mixed_translucent,B_Every16,1234,medium,236,1.280,0.547519,31.43,59,15232908
mixed_translucent,B_Every16,1234,fast,236,1.282,0.547519,31.43,59,15232908
mixed_translucent,B_Every16,1234,extreme,236,1.280,0.547519,31.43,59,15232908
mixed_translucent,B_Every16,31337,still,236,1.379,0.547519,31.43,59,15232908
mixed_translucent,B_Every16,31337,slow,236,1.269,0.547519,31.43,59,15232908
mixed_translucent,B_Every16,31337,medium,236,1.257,0.547519,31.43,59,15232908
mixed_translucent,B_Every16,31337,fast,236,1.292,0.547519,31.43,59,15232908
mixed_translucent,B_Every16,31337,extreme,236,1.332,0.547519,31.43,59,15232908
mixed_translucent,C_DistanceAdaptive,1,still,236,1.263,0.573004,32.19,112,14374944
mixed_translucent,C_DistanceAdaptive,1,slow,236,1.265,0.573004,32.19,112,14374944
mixed_translucent,C_DistanceAdaptive,1,medium,236,1.245,0.573004,32.19,112,14374944
mixed_translucent,C_DistanceAdaptive,1,fast,236,1.251,0.573004,32.19,112,14374944
mixed_translucent,C_DistanceAdaptive,1,extreme,236,1.248,0.573004,32.19,112,14374944
mixed_translucent,C_DistanceAdaptive,7,still,236,1.248,0.573004,32.19,112,14374944
mixed_translucent,C_DistanceAdaptive,7,slow,236,1.274,0.573004,32.19,112,14374944
mixed_translucent,C_DistanceAdaptive,7,medium,236,1.259,0.573004,32.19,112,14374944
mixed_translucent,C_DistanceAdaptive,7,fast,236,1.298,0.573004,32.19,112,14374944
mixed_translucent,C_DistanceAdaptive,7,extreme,236,1.266,0.573004,32.19,112,14374944
mixed_translucent,C_DistanceAdaptive,42,still,236,1.250,0.573004,32.19,112,14374944
mixed_translucent,C_DistanceAdaptive,42,slow,236,1.289,0.573004,32.19,112,14374944
mixed_translucent,C_DistanceAdaptive,42,medium,236,1.304,0.573004,32.19,112,14374944
mixed_translucent,C_DistanceAdaptive,42,fast,236,1.344,0.573004,32.19,112,14374944
mixed_translucent,C_DistanceAdaptive,42,extreme,236,1.302,0.573004,32.19,112,14374944
mixed_translucent,C_DistanceAdaptive,1234,still,236,1.272,0.573004,32.19,112,14374944
mixed_translucent,C_DistanceAdaptive,1234,slow,236,1.414,0.573004,32.19,112,14374944
mixed_translucent,C_DistanceAdaptive,1234,medium,236,1.505,0.573004,32.19,112,14374944
mixed_translucent,C_DistanceAdaptive,1234,fast,236,1.613,0.573004,32.19,112,14374944
mixed_translucent,C_DistanceAdaptive,1234,extreme,236,1.335,0.573004,32.19,112,14374944
mixed_translucent,C_DistanceAdaptive,31337,still,236,1.265,0.573004,32.19,112,14374944
mixed_translucent,C_DistanceAdaptive,31337,slow,236,1.256,0.573004,32.19,112,14374944
mixed_translucent,C_DistanceAdaptive,31337,medium,236,1.275,0.573004,32.19,112,14374944
mixed_translucent,C_DistanceAdaptive,31337,fast,236,1.343,0.573004,32.19,112,14374944
mixed_translucent,C_DistanceAdaptive,31337,extreme,236,1.300,0.573004,32.19,112,14374944
mixed_translucent,D_PerChunk,1,still,236,0.910,0.961702,43.85,1000,14761000
mixed_translucent,D_PerChunk,1,slow,236,0.885,0.961702,43.85,1000,14761000
mixed_translucent,D_PerChunk,1,medium,236,0.878,0.961702,43.85,1000,14761000
mixed_translucent,D_PerChunk,7,still,236,1.206,0.961702,43.85,1000,14761000
mixed_translucent,D_PerChunk,7,slow,236,1.048,0.961702,43.85,1000,14761000
mixed_translucent,D_PerChunk,7,medium,236,0.895,0.961702,43.85,1000,14761000
mixed_translucent,D_PerChunk,42,still,236,0.873,0.961702,43.85,1000,14761000
mixed_translucent,D_PerChunk,42,slow,236,0.881,0.961702,43.85,1000,14761000
mixed_translucent,D_PerChunk,42,medium,236,0.957,0.961702,43.85,1000,14761000
mixed_translucent,D_PerChunk,1234,still,236,0.908,0.961702,43.85,1000,14761000
mixed_translucent,D_PerChunk,1234,slow,236,0.858,0.961702,43.85,1000,14761000
mixed_translucent,D_PerChunk,1234,medium,236,0.951,0.961702,43.85,1000,14761000
mixed_translucent,D_PerChunk,31337,still,236,0.874,0.961702,43.85,1000,14761000
mixed_translucent,D_PerChunk,31337,slow,236,0.881,0.961702,43.85,1000,14761000
mixed_translucent,D_PerChunk,31337,medium,236,0.916,0.961702,43.85,1000,14761000
