Scene,Strategy,Seed,Mean_us,Median_us,p95_us,p99_us,Std_us,Accuracy,VoxelCount
small_house,A_NaiveGlobalBFS,1,55.4477,48.15,83.12,93.69,12.9599,1,1249
small_house,B_HierarchicalCclDsu,1,55.8905,48.1,85.5,98.68,14.3256,1,1249
small_house,C_LocalSplitBFS,1,99.0468,87.529,162.139,227.619,37.0185,1,1249
small_house,D_StressPropagation,1,235.769,216.709,301.879,388.288,53.3826,1,1249
small_house,E_Hybrid_AABB,1,127.366,128.54,215.399,249.089,41.6489,1,1249
small_house,A_NaiveGlobalBFS,7,59.3967,50.08,88.14,100.029,15.3049,1,1249
small_house,B_HierarchicalCclDsu,7,58.6201,50.5,89.519,102.1,15.3588,1,1249
small_house,C_LocalSplitBFS,7,113.915,111.059,183.929,249.88,41.8213,1,1249
small_house,D_StressPropagation,7,240.2,221.989,313.688,401.288,41.1194,1,1249
small_house,E_Hybrid_AABB,7,129.166,133.01,212.539,242.729,43.0025,1,1249
small_house,A_NaiveGlobalBFS,42,57.1711,49.97,85,89.16,13.1164,1,1249
small_house,B_HierarchicalCclDsu,42,60.0333,49.31,92.24,109.28,19.1652,1,1249
small_house,C_LocalSplitBFS,42,112.034,104.849,183.77,252.989,41.848,1,1249
small_house,D_StressPropagation,42,240.71,221.809,312.619,443.678,43.0259,1,1249
small_house,E_Hybrid_AABB,42,142.504,137.839,234.889,261.669,50.1914,1,1249
small_house,A_NaiveGlobalBFS,1234,56.6031,51.12,84.519,92.769,12.2625,1,1249
small_house,B_HierarchicalCclDsu,1234,60.2572,49.059,93.97,114.089,43.3633,1,1249
small_house,C_LocalSplitBFS,1234,120.674,112.509,223.69,270.03,47.7128,1,1249
small_house,D_StressPropagation,1234,238.455,220.419,311.539,369.568,41.1012,1,1249
small_house,E_Hybrid_AABB,1234,133.085,133.26,216.849,254.469,40.52,1,1249
small_house,A_NaiveGlobalBFS,31337,72.1089,72.59,92.03,113.019,54.7567,1,1249
small_house,B_HierarchicalCclDsu,31337,68.2472,53.75,91.83,131.119,152.644,1,1249
small_house,C_LocalSplitBFS,31337,136.303,125.659,247.409,326.339,57.2716,1,1249
small_house,D_StressPropagation,31337,246.965,229.019,324.589,393.809,44.1736,1,1249
small_house,E_Hybrid_AABB,31337,126.402,130.06,202.679,239.599,39.1314,1,1249
bridge,A_NaiveGlobalBFS,1,43.7496,39.6,67.31,75.669,12.6559,1,1248
bridge,B_HierarchicalCclDsu,1,45.4668,41.2,71.32,83.529,13.1781,1,1248
bridge,C_LocalSplitBFS,1,80.9879,75.489,141.48,208.339,37.3824,1,1248
bridge,D_StressPropagation,1,233.351,210.789,307.509,403.738,52.4906,1,1248
bridge,E_Hybrid_AABB,1,63.7271,58.51,112.65,127.239,19.5036,1,1248
bridge,A_NaiveGlobalBFS,7,47.7104,39.31,68.77,93.41,19.4152,1,1248
bridge,B_HierarchicalCclDsu,7,47.1646,41.14,73.14,114.679,34.5635,1,1248
bridge,C_LocalSplitBFS,7,83.9156,78.74,147.92,200.039,35.0582,1,1248
bridge,D_StressPropagation,7,225.639,207.84,298.529,356.028,37.7091,1,1248
bridge,E_Hybrid_AABB,7,61.5262,57.16,96.009,114.149,14.7526,1,1248
bridge,A_NaiveGlobalBFS,42,40.6328,37.409,58.46,70.14,7.60893,1,1248
bridge,B_HierarchicalCclDsu,42,46.7255,41.93,72.07,87.619,10.759,1,1248
bridge,C_LocalSplitBFS,42,71.7241,63.14,136.619,179.869,34.218,1,1248
bridge,D_StressPropagation,42,221.227,201.859,294.869,365.149,36.8789,1,1248
bridge,E_Hybrid_AABB,42,61.4576,56.169,107.06,143.14,20.2119,1,1248
bridge,A_NaiveGlobalBFS,1234,41.5954,37.5,60.65,67.3,7.4672,1,1248
bridge,B_HierarchicalCclDsu,1234,47.2353,40.77,78.859,84.069,12.9566,1,1248
bridge,C_LocalSplitBFS,1234,74.4545,74.3,135.21,184.96,32.8306,1,1248
bridge,D_StressPropagation,1234,219.205,201.749,289.259,346.709,33.7612,1,1248
bridge,E_Hybrid_AABB,1234,60.2139,55.18,94.99,127.139,16.7731,1,1248
bridge,A_NaiveGlobalBFS,31337,43.1281,37.87,65.89,76.679,9.53474,1,1248
bridge,B_HierarchicalCclDsu,31337,44.5648,40.41,69.239,74.33,8.94459,1,1248
bridge,C_LocalSplitBFS,31337,75.9926,72.29,142.79,194.009,32.5407,1,1248
bridge,D_StressPropagation,31337,214.08,198.879,276.069,310.159,27.4733,1,1248
bridge,E_Hybrid_AABB,31337,58.0995,53.54,87.339,115.279,14.4704,1,1248
tower,A_NaiveGlobalBFS,1,49.8498,44.26,73.64,93.45,10.5202,1,1984
tower,B_HierarchicalCclDsu,1,52.3642,45.919,82.26,106.969,13.0973,1,1984
tower,C_LocalSplitBFS,1,155.57,183.159,243.479,322.278,66.395,1,1984
tower,D_StressPropagation,1,215.776,199.489,276.579,359.349,33.5831,1,1984
tower,E_Hybrid_AABB,1,121.001,116.73,173.39,219.029,26.8745,1,1984
tower,A_NaiveGlobalBFS,7,48.5178,43.6,74.49,87.34,10.1258,1,1984
tower,B_HierarchicalCclDsu,7,56.1047,50.95,90.84,104.979,15.1155,1,1984
tower,C_LocalSplitBFS,7,153.316,175.68,282.669,340.348,74.5891,1,1984
tower,D_StressPropagation,7,219.661,201.459,277.169,375.949,38.488,1,1984
tower,E_Hybrid_AABB,7,124.778,118.19,204.329,231.289,33.0277,1,1984
tower,A_NaiveGlobalBFS,42,49.8838,43.59,76.319,80.82,11.2705,1,1984
tower,B_HierarchicalCclDsu,42,52.3349,45.54,84.729,103.55,13.4453,1,1984
tower,C_LocalSplitBFS,42,160.023,184.089,297.819,380.949,80.2321,1,1984
tower,D_StressPropagation,42,222.796,203.709,285.909,361.708,38.0106,1,1984
tower,E_Hybrid_AABB,42,124.134,120.58,189.309,247.939,32.5648,1,1984
tower,A_NaiveGlobalBFS,1234,48.6868,43.71,73.519,90.56,10.1485,1,1984
tower,B_HierarchicalCclDsu,1234,54.0452,47.339,90.229,104.429,14.7284,1,1984
tower,C_LocalSplitBFS,1234,156.407,180.289,265.979,339.368,76.0392,1,1984
tower,D_StressPropagation,1234,217.321,199.479,286.489,440.339,42.4784,1,1984
tower,E_Hybrid_AABB,1234,125.326,120.51,192.749,225.629,33.8453,1,1984
tower,A_NaiveGlobalBFS,31337,47.2121,43.34,67.81,75.12,7.75025,1,1984
tower,B_HierarchicalCclDsu,31337,50.8408,45.369,76.93,89.169,10.7077,1,1984
tower,C_LocalSplitBFS,31337,159.405,186.34,280.479,358.079,77.0819,1,1984
tower,D_StressPropagation,31337,213.267,198.099,266.489,386.709,38.5542,1,1984
tower,E_Hybrid_AABB,31337,127.722,118.01,205.46,242.119,37.3797,1,1984
stressed_arch,A_NaiveGlobalBFS,1,40.0088,36.59,56.86,64.929,6.90745,1,192
stressed_arch,B_HierarchicalCclDsu,1,40.1795,37.46,54.81,72.69,7.55626,1,192
stressed_arch,C_LocalSplitBFS,1,67.3396,61.59,98.6,124.439,14.3146,0.74,192
stressed_arch,D_StressPropagation,1,212.662,199.059,265.299,308.339,26.2683,1,192
stressed_arch,E_Hybrid_AABB,1,3.90896,0.94,38.03,42.39,9.43706,0.74,192
stressed_arch,A_NaiveGlobalBFS,7,37.9015,36.65,43.699,63.39,5.93149,1,192
stressed_arch,B_HierarchicalCclDsu,7,40.9781,37.859,68.02,76.38,10.7384,1,192
stressed_arch,C_LocalSplitBFS,7,64.2958,60.88,76.94,129.639,12.015,0.74,192
stressed_arch,D_StressPropagation,7,211.968,198.759,269.729,302.749,25.26,1,192
stressed_arch,E_Hybrid_AABB,7,4.08656,1.01,38.719,43.71,9.76596,0.74,192
stressed_arch,A_NaiveGlobalBFS,42,37.9933,36.64,43.81,64.309,6.44818,1,192
stressed_arch,B_HierarchicalCclDsu,42,39.5877,36.72,58.81,74.5,10.4123,1,192
stressed_arch,C_LocalSplitBFS,42,66.2027,61.07,102.439,126.69,14.6033,0.72,192
stressed_arch,D_StressPropagation,42,212.488,199.019,265.569,307.429,26.311,1,192
stressed_arch,E_Hybrid_AABB,42,4.01727,0.95,38.32,44.19,9.80191,0.72,192
stressed_arch,A_NaiveGlobalBFS,1234,37.526,36.67,41.69,46.549,5.20728,1,192
stressed_arch,B_HierarchicalCclDsu,1234,39.086,36.63,48.26,70.22,7.83103,1,192
stressed_arch,C_LocalSplitBFS,1234,65.5047,61.57,85.24,125.22,12.2576,0.8,192
stressed_arch,D_StressPropagation,1234,214.938,199.869,279.069,312.499,28.6247,1,192
stressed_arch,E_Hybrid_AABB,1234,9.7305,0.96,42.11,52.13,17.2283,0.8,192
stressed_arch,A_NaiveGlobalBFS,31337,38.9084,36.71,49.43,65.029,12.3757,1,192
stressed_arch,B_HierarchicalCclDsu,31337,38.3313,36.57,44.72,67.55,6.81326,1,192
stressed_arch,C_LocalSplitBFS,31337,65.9676,60.94,111.369,122.789,15.2777,0.44,192
stressed_arch,D_StressPropagation,31337,215.416,201.919,279.629,318.189,29.6761,1,192
stressed_arch,E_Hybrid_AABB,31337,7.16535,0.98,42.419,70.01,15.7523,0.44,192
random_scaffolding,A_NaiveGlobalBFS,1,38.8363,35.52,57.78,64.41,10.0562,1,998
random_scaffolding,B_HierarchicalCclDsu,1,40.5235,37.32,64.61,74.569,10.5506,1,998
random_scaffolding,C_LocalSplitBFS,1,46.1336,42.36,64.349,95.449,12.2712,0,998
random_scaffolding,D_StressPropagation,1,217.463,200.669,278.719,348.749,31.5092,1,998
random_scaffolding,E_Hybrid_AABB,1,45.8005,45.8,80.73,115.04,27.0972,0.9,998
random_scaffolding,A_NaiveGlobalBFS,7,37.1757,34.68,53.83,62.92,8.81848,1,888
random_scaffolding,B_HierarchicalCclDsu,7,39.4717,37.59,46.55,67.809,7.83034,1,888
random_scaffolding,C_LocalSplitBFS,7,46.0217,41.56,67.64,92.54,12.2372,0,888
random_scaffolding,D_StressPropagation,7,214.901,199.579,271.719,306.189,27.5818,1,888
random_scaffolding,E_Hybrid_AABB,7,48.4383,41.51,79.41,113.99,22.5637,0.76,888
random_scaffolding,A_NaiveGlobalBFS,42,37.4005,35.49,47.12,64.06,7.27281,1,919
random_scaffolding,B_HierarchicalCclDsu,42,39.807,37.78,48.86,71.19,7.78286,1,919
random_scaffolding,C_LocalSplitBFS,42,45.3469,42.49,59.9,77.38,9.6495,0,919
random_scaffolding,D_StressPropagation,42,215.336,199.939,273.769,306.939,26.2924,1,919
random_scaffolding,E_Hybrid_AABB,42,58.5306,57.1,91.1,130.679,24.2005,0.66,919
random_scaffolding,A_NaiveGlobalBFS,1234,37.802,35.29,55.82,65.96,9.449,1,987
random_scaffolding,B_HierarchicalCclDsu,1234,39.9472,37.98,46.77,70.3,7.96608,1,987
random_scaffolding,C_LocalSplitBFS,1234,48.0218,42.929,71.389,107.42,12.6793,0,987
random_scaffolding,D_StressPropagation,1234,217.04,200.959,275.609,310.748,27.5844,1,987
random_scaffolding,E_Hybrid_AABB,1234,47.9034,49.07,78.689,103.9,22.8343,0.84,987
random_scaffolding,A_NaiveGlobalBFS,31337,37.968,35.68,50.849,64.249,9.10185,1,1002
random_scaffolding,B_HierarchicalCclDsu,31337,40.1654,37.35,62.53,74.809,9.16108,1,1002
random_scaffolding,C_LocalSplitBFS,31337,47.3602,42.65,68.22,93.93,15.8626,0,1002
random_scaffolding,D_StressPropagation,31337,221.947,206.06,286.209,356.729,35.5768,1,1002
random_scaffolding,E_Hybrid_AABB,31337,40.1509,40.91,84.55,124.87,27.9313,0.66,1002
