Strategy,Scenario,Seed,SurvivalRate,AvgStabilizationTime,AvgCureTime,AvgRoutingLatencyNs
A_NearestFirst,low_intensity,101,10.2564,10387,3026.47,5858.95
A_NearestFirst,low_intensity,102,11.1111,10908.2,3270.28,4037.63
A_NearestFirst,low_intensity,103,10.6061,13564.6,2436.32,4298.12
A_NearestFirst,low_intensity,104,15.748,11839.1,3187.85,4254.75
A_NearestFirst,low_intensity,105,10.2362,9801.06,2935.34,4116.22
A_NearestFirst,medium_intensity,101,7.14286,11298.7,2816.51,4001.43
A_NearestFirst,medium_intensity,102,9.29204,10304.8,3218.2,4159.73
A_NearestFirst,medium_intensity,103,10.6557,10344.3,3730.58,3944.82
A_NearestFirst,medium_intensity,104,12.6582,9645.19,3468.82,3909.19
A_NearestFirst,medium_intensity,105,10.3306,10924.8,3003.98,3881.45
A_NearestFirst,high_intensity,101,5.56328,12820.4,2510.87,4024.46
A_NearestFirst,high_intensity,102,6.17647,9485.24,2840.4,4031.42
A_NearestFirst,high_intensity,103,5.25606,10508.2,3161.72,4055.6
A_NearestFirst,high_intensity,104,6.41562,12354.2,3578.86,4032.01
A_NearestFirst,high_intensity,105,6.02582,8800.66,3209.71,4139.21
A_NearestFirst,mass_casualty,101,3.35227,13601,5512.34,4397.31
A_NearestFirst,mass_casualty,102,3.49112,13381.4,4362.91,3956.89
A_NearestFirst,mass_casualty,103,3.082,13370,3577.3,4102.66
A_NearestFirst,mass_casualty,104,3.01003,13801.9,5138.27,4289.02
A_NearestFirst,mass_casualty,105,3.37336,12672.4,2358.44,4103.51
A_NearestFirst,extreme_surge,101,2.0119,13875.8,5944.17,3988.69
A_NearestFirst,extreme_surge,102,1.93953,13836.8,6274.08,3997.74
A_NearestFirst,extreme_surge,103,1.92678,13851.6,5648.41,4443.65
A_NearestFirst,extreme_surge,104,1.80587,13989.7,6693.5,3918.44
A_NearestFirst,extreme_surge,105,2.07493,13503.3,5249.78,4177.53
B_QueueLengthBalanced,low_intensity,101,10.2564,10387,3026.47,5251.29
B_QueueLengthBalanced,low_intensity,102,11.1111,10908.2,3270.28,4982.63
B_QueueLengthBalanced,low_intensity,103,10.6061,13564.6,2436.32,3897.67
B_QueueLengthBalanced,low_intensity,104,15.748,11839.1,3187.85,4791.34
B_QueueLengthBalanced,low_intensity,105,10.2362,9801.06,2935.34,4684.03
B_QueueLengthBalanced,medium_intensity,101,7.14286,11298.7,2816.51,4439.64
B_QueueLengthBalanced,medium_intensity,102,9.29204,10304.8,3218.2,4436.67
B_QueueLengthBalanced,medium_intensity,103,10.6557,10344.3,3730.58,3979.5
B_QueueLengthBalanced,medium_intensity,104,12.6582,9645.19,3468.82,3828.25
B_QueueLengthBalanced,medium_intensity,105,10.3306,10924.8,3003.98,4025.98
B_QueueLengthBalanced,high_intensity,101,5.56328,12820.4,2510.87,4432.45
B_QueueLengthBalanced,high_intensity,102,6.17647,9485.24,2840.4,3933.21
B_QueueLengthBalanced,high_intensity,103,5.25606,10508.2,3161.72,4048.24
B_QueueLengthBalanced,high_intensity,104,6.41562,12354.2,3578.86,4214.97
B_QueueLengthBalanced,high_intensity,105,6.02582,8800.66,3209.71,4468.85
B_QueueLengthBalanced,mass_casualty,101,3.35227,13601,5512.34,4098.18
B_QueueLengthBalanced,mass_casualty,102,3.49112,13381.4,4362.91,4027.44
B_QueueLengthBalanced,mass_casualty,103,3.082,13370,3577.3,4005.73
B_QueueLengthBalanced,mass_casualty,104,3.01003,13801.9,5138.27,4054.84
B_QueueLengthBalanced,mass_casualty,105,3.37336,12672.4,2358.44,4120.23
B_QueueLengthBalanced,extreme_surge,101,2.0119,13875.8,5944.17,3898.61
B_QueueLengthBalanced,extreme_surge,102,1.93953,13836.8,6274.08,4106.98
B_QueueLengthBalanced,extreme_surge,103,1.92678,13851.6,5648.41,4110.8
B_QueueLengthBalanced,extreme_surge,104,1.80587,13989.7,6693.5,4416.28
B_QueueLengthBalanced,extreme_surge,105,2.07493,13503.3,5249.78,3953.95
C_BleedOutUrgency,low_intensity,101,17.9487,6191.21,5768.73,4144
C_BleedOutUrgency,low_intensity,102,19.6581,5828.96,6417.48,5477.54
C_BleedOutUrgency,low_intensity,103,17.4242,3455.51,4350.68,4142.2
C_BleedOutUrgency,low_intensity,104,18.1102,6103.06,5372.82,4270.87
C_BleedOutUrgency,low_intensity,105,18.1102,5437.72,5255.08,5564.88
C_BleedOutUrgency,medium_intensity,101,14.2857,5613.28,5272.56,4253.79
C_BleedOutUrgency,medium_intensity,102,11.9469,4910.01,6159,4316.83
C_BleedOutUrgency,medium_intensity,103,14.7541,5322.47,5925.25,4151.86
C_BleedOutUrgency,medium_intensity,104,18.1435,6165.66,5952.75,4197.29
C_BleedOutUrgency,medium_intensity,105,14.4628,4667.7,5216.48,4299.53
C_BleedOutUrgency,high_intensity,101,3.19889,4494.14,5343.92,5225.69
C_BleedOutUrgency,high_intensity,102,6.02941,2538.5,3999.89,4324.95
C_BleedOutUrgency,high_intensity,103,4.85175,2994.31,4739.45,5012.4
C_BleedOutUrgency,high_intensity,104,2.23152,2424.37,6453.71,4984.05
C_BleedOutUrgency,high_intensity,105,1.0043,3337.39,4456.53,4833.7
C_BleedOutUrgency,mass_casualty,101,0.852273,3305.36,6162.5,5257.81
C_BleedOutUrgency,mass_casualty,102,2.36686,2894.4,5828.52,5032.11
C_BleedOutUrgency,mass_casualty,103,0,3291.03,0,5355.08
C_BleedOutUrgency,mass_casualty,104,0.334448,2986.16,6069.42,5699.32
C_BleedOutUrgency,mass_casualty,105,0,2391.65,0,5497.19
C_BleedOutUrgency,extreme_surge,101,0,2876.55,0,5351.16
C_BleedOutUrgency,extreme_surge,102,0.22818,4542.54,4519.76,5446.06
C_BleedOutUrgency,extreme_surge,103,0,3046.53,0,5585.58
C_BleedOutUrgency,extreme_surge,104,0,4125.25,0,5444.82
C_BleedOutUrgency,extreme_surge,105,0,2626,0,5940.81
D_DynamicRouting_Dijkstra,low_intensity,101,10.2564,10387,3026.47,4658.16
D_DynamicRouting_Dijkstra,low_intensity,102,11.1111,10908.2,3270.28,5046.82
D_DynamicRouting_Dijkstra,low_intensity,103,10.6061,13564.6,2436.32,4479.51
D_DynamicRouting_Dijkstra,low_intensity,104,15.748,11839.1,3187.85,4682.45
D_DynamicRouting_Dijkstra,low_intensity,105,10.2362,9801.06,2935.34,5159.68
D_DynamicRouting_Dijkstra,medium_intensity,101,7.14286,11298.7,2816.51,4968.55
D_DynamicRouting_Dijkstra,medium_intensity,102,9.29204,10304.8,3218.2,4993.53
D_DynamicRouting_Dijkstra,medium_intensity,103,10.6557,10344.3,3730.58,4757.39
D_DynamicRouting_Dijkstra,medium_intensity,104,12.6582,9645.19,3468.82,4631.7
D_DynamicRouting_Dijkstra,medium_intensity,105,10.3306,10924.8,3003.98,5666.91
D_DynamicRouting_Dijkstra,high_intensity,101,5.56328,12820.4,2510.87,4523.18
D_DynamicRouting_Dijkstra,high_intensity,102,6.17647,9485.24,2840.4,4914.04
D_DynamicRouting_Dijkstra,high_intensity,103,5.25606,10508.2,3161.72,4533.41
D_DynamicRouting_Dijkstra,high_intensity,104,6.41562,12354.2,3578.86,5323.72
D_DynamicRouting_Dijkstra,high_intensity,105,6.02582,8800.66,3209.71,5004.02
D_DynamicRouting_Dijkstra,mass_casualty,101,3.35227,13601,5512.34,4716.76
D_DynamicRouting_Dijkstra,mass_casualty,102,3.49112,13381.4,4362.91,4727.61
D_DynamicRouting_Dijkstra,mass_casualty,103,3.082,13370,3577.3,4501.68
D_DynamicRouting_Dijkstra,mass_casualty,104,3.01003,13801.9,5138.27,4604.65
D_DynamicRouting_Dijkstra,mass_casualty,105,3.37336,12672.4,2358.44,4475.96
D_DynamicRouting_Dijkstra,extreme_surge,101,2.0119,13875.8,5944.17,5517.73
D_DynamicRouting_Dijkstra,extreme_surge,102,1.93953,13836.8,6274.08,4702.01
D_DynamicRouting_Dijkstra,extreme_surge,103,1.92678,13851.6,5648.41,4532.05
D_DynamicRouting_Dijkstra,extreme_surge,104,1.80587,13989.7,6693.5,4603.49
D_DynamicRouting_Dijkstra,extreme_surge,105,2.07493,13503.3,5249.78,4992.05
E_HubSpoke_Heuristic,low_intensity,101,10.2564,10387,3026.47,2552.08
E_HubSpoke_Heuristic,low_intensity,102,11.1111,10908.2,3270.28,2248.16
E_HubSpoke_Heuristic,low_intensity,103,10.6061,13564.6,2436.32,2322.28
E_HubSpoke_Heuristic,low_intensity,104,15.748,11839.1,3187.85,2263.61
E_HubSpoke_Heuristic,low_intensity,105,10.2362,9801.06,2935.34,2560.51
E_HubSpoke_Heuristic,medium_intensity,101,7.14286,11298.7,2816.51,2318.73
E_HubSpoke_Heuristic,medium_intensity,102,9.29204,10304.8,3218.2,2328.04
E_HubSpoke_Heuristic,medium_intensity,103,10.6557,10344.3,3730.58,2597.9
E_HubSpoke_Heuristic,medium_intensity,104,12.6582,9645.19,3468.82,2810.95
E_HubSpoke_Heuristic,medium_intensity,105,10.3306,10924.8,3003.98,2315.82
E_HubSpoke_Heuristic,high_intensity,101,5.56328,12820.4,2510.87,2268.82
E_HubSpoke_Heuristic,high_intensity,102,6.17647,9485.24,2840.4,2512.36
E_HubSpoke_Heuristic,high_intensity,103,5.25606,10508.2,3161.72,2477.8
E_HubSpoke_Heuristic,high_intensity,104,6.41562,12354.2,3578.86,2483.49
E_HubSpoke_Heuristic,high_intensity,105,6.02582,8800.66,3209.71,2346.16
E_HubSpoke_Heuristic,mass_casualty,101,3.35227,13601,5512.34,2404.57
E_HubSpoke_Heuristic,mass_casualty,102,3.49112,13381.4,4362.91,2455.16
E_HubSpoke_Heuristic,mass_casualty,103,3.082,13370,3577.3,2510.31
E_HubSpoke_Heuristic,mass_casualty,104,3.01003,13801.9,5138.27,2467.24
E_HubSpoke_Heuristic,mass_casualty,105,3.37336,12672.4,2358.44,2312.41
E_HubSpoke_Heuristic,extreme_surge,101,2.0119,13875.8,5944.17,2420.32
E_HubSpoke_Heuristic,extreme_surge,102,1.93953,13836.8,6274.08,2671.91
E_HubSpoke_Heuristic,extreme_surge,103,1.92678,13851.6,5648.41,2424.12
E_HubSpoke_Heuristic,extreme_surge,104,1.80587,13989.7,6693.5,2713.64
E_HubSpoke_Heuristic,extreme_surge,105,2.07493,13503.3,5249.78,2343.21
