uniform_air,1,A_None,J_JFA_GPU,T_VoxelDiscrete,6,1000,0,0,0.898602,0.455033,0,0.166667,0.193359,31.4723,0,0
uniform_air,1,A_None,J_JFA_GPU,T_SDFSmooth,6,1000,0,0,0.881163,0.339008,0,0.166667,0.193359,31.4723,0,0
uniform_air,1,A_None,J_JFA_GPU,T_Hybrid,6,1000,0,0,0.994622,0.499682,0,0.166667,0.193359,31.4723,0,0
uniform_air,1,A_None,K_BruteForce_BFS,T_VoxelDiscrete,6,1000,0,0,0.891463,0.601093,0,0.166667,0.193359,31.4723,0,0
uniform_air,1,A_None,K_BruteForce_BFS,T_SDFSmooth,6,1000,0,0,0.908992,0.372477,0,0.166667,0.193359,31.4723,0,0
uniform_air,1,A_None,K_BruteForce_BFS,T_Hybrid,6,1000,0,0,1.10292,0.744793,0,0.166667,0.193359,31.4723,0,0
uniform_air,1,B_R8_1byte,J_JFA_GPU,T_VoxelDiscrete,6,1000,12.3804,2.85433,0.707834,0.439755,512,0.166667,0.193359,31.4723,78.7501,90
uniform_air,1,B_R8_1byte,J_JFA_GPU,T_SDFSmooth,6,1000,12.6671,2.61915,1.04888,0.502203,512,0.166667,0.0488281,18.5742,78.7501,90
uniform_air,1,B_R8_1byte,J_JFA_GPU,T_Hybrid,6,1000,13.1597,3.10124,0.630865,0.476712,512,0.166667,0.193359,31.4723,78.7501,90
uniform_air,1,B_R8_1byte,K_BruteForce_BFS,T_VoxelDiscrete,6,1000,7.08391,1.98181,1.02913,0.455834,512,0.166667,0.193359,31.4723,78.7501,90
uniform_air,1,B_R8_1byte,K_BruteForce_BFS,T_SDFSmooth,6,1000,6.21275,2.00468,1.14916,0.490563,512,0.166667,0.0517578,18.7929,78.7501,90
uniform_air,1,B_R8_1byte,K_BruteForce_BFS,T_Hybrid,6,1000,6.10499,1.74373,0.619145,0.411623,512,0.166667,0.193359,31.4723,78.7501,90
uniform_air,1,C_R8_4quant,J_JFA_GPU,T_VoxelDiscrete,6,1000,11.6284,2.41483,0.717134,0.541633,512,0.166667,0.193359,31.4723,78.7501,90
uniform_air,1,C_R8_4quant,J_JFA_GPU,T_SDFSmooth,6,1000,14.0253,3.72488,1.03396,0.477747,512,0.166667,0.0488281,18.5742,78.7501,90
uniform_air,1,C_R8_4quant,J_JFA_GPU,T_Hybrid,6,1000,11.5639,1.84702,0.626246,0.44206,512,0.166667,0.193359,31.4723,78.7501,90
uniform_air,1,C_R8_4quant,K_BruteForce_BFS,T_VoxelDiscrete,6,1000,6.97363,3.86612,0.714495,0.531713,512,0.166667,0.193359,31.4723,78.7501,90
uniform_air,1,C_R8_4quant,K_BruteForce_BFS,T_SDFSmooth,6,1000,5.65483,0.830029,1.18083,0.32088,512,0.166667,0.0517578,18.7929,78.7501,90
uniform_air,1,C_R8_4quant,K_BruteForce_BFS,T_Hybrid,6,1000,7.19787,3.23683,0.636114,0.525436,512,0.166667,0.193359,31.4723,78.7501,90
uniform_air,1,D_RLE_NoneSparse,J_JFA_GPU,T_VoxelDiscrete,6,1000,15.508,4.77448,0.720415,0.483622,153,0.166667,0.193359,31.4723,78.7501,90
uniform_air,1,D_RLE_NoneSparse,J_JFA_GPU,T_SDFSmooth,6,1000,14.8756,4.89242,1.02673,0.481897,153,0.166667,0.0488281,18.5742,78.7501,90
uniform_air,1,D_RLE_NoneSparse,J_JFA_GPU,T_Hybrid,6,1000,13.1544,10.1907,0.786704,0.595186,153,0.166667,0.193359,31.4723,78.7501,90
uniform_air,1,D_RLE_NoneSparse,K_BruteForce_BFS,T_VoxelDiscrete,6,1000,7.23932,1.98559,1.06515,0.556681,153,0.166667,0.193359,31.4723,78.7501,90
uniform_air,1,D_RLE_NoneSparse,K_BruteForce_BFS,T_SDFSmooth,6,1000,6.68504,2.29496,1.20334,0.46941,153,0.166667,0.0517578,18.7929,78.7501,90
uniform_air,1,D_RLE_NoneSparse,K_BruteForce_BFS,T_Hybrid,6,1000,8.19502,2.66208,0.930732,2.80943,153,0.166667,0.193359,31.4723,78.7501,90
uniform_air,7,A_None,J_JFA_GPU,T_VoxelDiscrete,6,1000,0,0,0.810493,0.314816,0,0.166667,0.152344,36.8791,0,0
uniform_air,7,A_None,J_JFA_GPU,T_SDFSmooth,6,1000,0,0,1.8932,28.8267,0,0.166667,0.152344,36.8791,0,0
uniform_air,7,A_None,J_JFA_GPU,T_Hybrid,6,1000,0,0,0.962502,0.776176,0,0.166667,0.152344,36.8791,0,0
uniform_air,7,A_None,K_BruteForce_BFS,T_VoxelDiscrete,6,1000,0,0,0.686884,0.401058,0,0.166667,0.152344,36.8791,0,0
uniform_air,7,A_None,K_BruteForce_BFS,T_SDFSmooth,6,1000,0,0,0.723955,0.658762,0,0.166667,0.152344,36.8791,0,0
uniform_air,7,A_None,K_BruteForce_BFS,T_Hybrid,6,1000,0,0,0.838863,0.655067,0,0.166667,0.152344,36.8791,0,0
uniform_air,7,B_R8_1byte,J_JFA_GPU,T_VoxelDiscrete,6,1000,14.2337,6.30114,0.740534,0.447995,512,0.166667,0.152344,36.8791,78.7501,90
uniform_air,7,B_R8_1byte,J_JFA_GPU,T_SDFSmooth,6,1000,14.7629,5.98085,1.19225,0.632421,512,0,0.03125,30.103,78.7501,90
uniform_air,7,B_R8_1byte,J_JFA_GPU,T_Hybrid,6,1000,15.2018,3.63708,0.592726,0.478579,512,0.166667,0.147461,34.3312,78.7501,90
uniform_air,7,B_R8_1byte,K_BruteForce_BFS,T_VoxelDiscrete,6,1000,5.28219,0.496124,0.660475,0.28201,512,0.166667,0.152344,36.8791,78.7501,101.25
uniform_air,7,B_R8_1byte,K_BruteForce_BFS,T_SDFSmooth,6,1000,7.21089,2.36103,1.29106,0.567155,512,0,0.0341797,29.3246,78.7501,101.25
uniform_air,7,B_R8_1byte,K_BruteForce_BFS,T_Hybrid,6,1000,6.94491,2.61707,0.865312,0.96578,512,0.166667,0.152344,36.8791,78.7501,101.25
uniform_air,7,C_R8_4quant,J_JFA_GPU,T_VoxelDiscrete,6,1000,14.6142,3.98243,0.764165,0.706017,512,0.166667,0.152344,36.8791,78.7501,90
uniform_air,7,C_R8_4quant,J_JFA_GPU,T_SDFSmooth,6,1000,15.4815,3.10125,1.08895,0.854633,512,0,0.03125,30.103,78.7501,90
uniform_air,7,C_R8_4quant,J_JFA_GPU,T_Hybrid,6,1000,11.9391,2.12211,0.678225,1.05667,512,0.166667,0.147461,34.3312,78.7501,90
uniform_air,7,C_R8_4quant,K_BruteForce_BFS,T_VoxelDiscrete,6,1000,6.36399,1.77059,0.660905,0.40899,512,0.166667,0.152344,36.8791,78.7501,101.25
uniform_air,7,C_R8_4quant,K_BruteForce_BFS,T_SDFSmooth,6,1000,6.32376,1.54105,1.16755,0.826655,512,0,0.0341797,29.3246,78.7501,101.25
uniform_air,7,C_R8_4quant,K_BruteForce_BFS,T_Hybrid,6,1000,6.88598,1.68143,0.739295,0.481106,512,0.166667,0.152344,36.8791,78.7501,101.25
uniform_air,7,D_RLE_NoneSparse,J_JFA_GPU,T_VoxelDiscrete,6,1000,13.395,4.13314,0.668054,0.437414,153,0.166667,0.152344,36.8791,78.7501,90
uniform_air,7,D_RLE_NoneSparse,J_JFA_GPU,T_SDFSmooth,6,1000,14.5961,5.70305,0.951142,0.499769,153,0,0.03125,30.103,78.7501,90
uniform_air,7,D_RLE_NoneSparse,J_JFA_GPU,T_Hybrid,6,1000,13.8833,3.61843,0.590435,0.443687,153,0.166667,0.147461,34.3312,78.7501,90
uniform_air,7,D_RLE_NoneSparse,K_BruteForce_BFS,T_VoxelDiscrete,6,1000,9.23635,4.08454,0.840673,0.59708,153,0.166667,0.152344,36.8791,78.7501,101.25
uniform_air,7,D_RLE_NoneSparse,K_BruteForce_BFS,T_SDFSmooth,6,1000,5.70873,1.72177,1.20488,0.869037,153,0,0.0341797,29.3246,78.7501,101.25
uniform_air,7,D_RLE_NoneSparse,K_BruteForce_BFS,T_Hybrid,6,1000,6.80177,2.24311,0.644075,0.676673,153,0.166667,0.152344,36.8791,78.7501,101.25
uniform_air,42,A_None,J_JFA_GPU,T_VoxelDiscrete,6,1000,0,0,0.876003,0.385453,0,0.166667,0.231445,23.7714,0,0
uniform_air,42,A_None,J_JFA_GPU,T_SDFSmooth,6,1000,0,0,0.859273,0.728572,0,0.166667,0.231445,23.7714,0,0
uniform_air,42,A_None,J_JFA_GPU,T_Hybrid,6,1000,0,0,0.894763,0.357255,0,0.166667,0.231445,23.7714,0,0
uniform_air,42,A_None,K_BruteForce_BFS,T_VoxelDiscrete,6,1000,0,0,1.11836,3.04629,0,0.166667,0.231445,23.7714,0,0
uniform_air,42,A_None,K_BruteForce_BFS,T_SDFSmooth,6,1000,0,0,0.705964,0.30728,0,0.166667,0.231445,23.7714,0,0
uniform_air,42,A_None,K_BruteForce_BFS,T_Hybrid,6,1000,0,0,1.03509,2.83211,0,0.166667,0.231445,23.7714,0,0
uniform_air,42,B_R8_1byte,J_JFA_GPU,T_VoxelDiscrete,6,1000,13.9731,2.73676,0.852193,0.839995,512,0.166667,0.231445,23.7714,78.7501,95.6249
uniform_air,42,B_R8_1byte,J_JFA_GPU,T_SDFSmooth,6,1000,12.4589,1.7261,1.15681,0.409004,512,0.166667,0.105469,24.2652,78.7501,95.6249
uniform_air,42,B_R8_1byte,J_JFA_GPU,T_Hybrid,6,1000,12.3438,2.10276,0.572775,0.359249,512,0.166667,0.162109,46.8251,78.7501,95.6249
uniform_air,42,B_R8_1byte,K_BruteForce_BFS,T_VoxelDiscrete,6,1000,7.35589,2.11164,0.711454,0.461388,512,0.166667,0.231445,23.7714,78.7501,95.6249
uniform_air,42,B_R8_1byte,K_BruteForce_BFS,T_SDFSmooth,6,1000,5.67369,1.3424,1.62985,0.441559,512,0.166667,0.119141,26.4613,78.7501,95.6249
uniform_air,42,B_R8_1byte,K_BruteForce_BFS,T_Hybrid,6,1000,7.04337,5.31179,0.856793,0.559388,512,0.166667,0.231445,23.7714,78.7501,95.6249
uniform_air,42,C_R8_4quant,J_JFA_GPU,T_VoxelDiscrete,6,1000,14.7818,4.54299,0.716225,0.544248,512,0.166667,0.231445,23.7714,78.7501,95.6249
uniform_air,42,C_R8_4quant,J_JFA_GPU,T_SDFSmooth,6,1000,13.0953,2.90315,1.15313,0.578438,512,0.166667,0.105469,24.2652,78.7501,95.6249
uniform_air,42,C_R8_4quant,J_JFA_GPU,T_Hybrid,6,1000,14.2194,2.79468,0.704045,0.478267,512,0.166667,0.162109,46.8251,78.7501,95.6249
uniform_air,42,C_R8_4quant,K_BruteForce_BFS,T_VoxelDiscrete,6,1000,6.3762,2.18279,0.722954,0.493651,512,0.166667,0.231445,23.7714,78.7501,95.6249
uniform_air,42,C_R8_4quant,K_BruteForce_BFS,T_SDFSmooth,6,1000,6.50825,1.5999,1.59564,0.426423,512,0.166667,0.119141,26.4613,78.7501,95.6249
uniform_air,42,C_R8_4quant,K_BruteForce_BFS,T_Hybrid,6,1000,5.83877,1.57372,0.661805,0.363535,512,0.166667,0.231445,23.7714,78.7501,95.6249
uniform_air,42,D_RLE_NoneSparse,J_JFA_GPU,T_VoxelDiscrete,6,1000,13.3292,5.4289,0.731034,0.519919,153,0.166667,0.231445,23.7714,78.7501,95.6249
uniform_air,42,D_RLE_NoneSparse,J_JFA_GPU,T_SDFSmooth,6,1000,12.9165,2.49761,1.16847,0.645043,153,0.166667,0.105469,24.2652,78.7501,95.6249
uniform_air,42,D_RLE_NoneSparse,J_JFA_GPU,T_Hybrid,6,1000,11.8689,1.0736,0.615755,0.400871,153,0.166667,0.162109,46.8251,78.7501,95.6249
uniform_air,42,D_RLE_NoneSparse,K_BruteForce_BFS,T_VoxelDiscrete,6,1000,5.87366,1.28828,0.704544,0.44768,153,0.166667,0.231445,23.7714,78.7501,95.6249
uniform_air,42,D_RLE_NoneSparse,K_BruteForce_BFS,T_SDFSmooth,6,1000,6.50121,0.77685,1.59074,0.394319,153,0.166667,0.119141,26.4613,78.7501,95.6249
uniform_air,42,D_RLE_NoneSparse,K_BruteForce_BFS,T_Hybrid,6,1000,6.09229,1.8028,0.810053,0.594793,153,0.166667,0.231445,23.7714,78.7501,95.6249
uniform_air,1234,A_None,J_JFA_GPU,T_VoxelDiscrete,6,1000,0,0,0.832314,0.405231,0,0.166667,0.149414,35.2627,0,0
uniform_air,1234,A_None,J_JFA_GPU,T_SDFSmooth,6,1000,0,0,0.836623,0.357296,0,0.166667,0.149414,35.2627,0,0
uniform_air,1234,A_None,J_JFA_GPU,T_Hybrid,6,1000,0,0,0.830014,0.371842,0,0.166667,0.149414,35.2627,0,0
uniform_air,1234,A_None,K_BruteForce_BFS,T_VoxelDiscrete,6,1000,0,0,0.851213,0.345545,0,0.166667,0.149414,35.2627,0,0
uniform_air,1234,A_None,K_BruteForce_BFS,T_SDFSmooth,6,1000,0,0,0.942073,0.58267,0,0.166667,0.149414,35.2627,0,0
uniform_air,1234,A_None,K_BruteForce_BFS,T_Hybrid,6,1000,0,0,0.684624,0.266892,0,0.166667,0.149414,35.2627,0,0
uniform_air,1234,B_R8_1byte,J_JFA_GPU,T_VoxelDiscrete,6,1000,12.9263,3.5025,0.716965,0.467072,512,0.166667,0.149414,35.2627,78.7501,95.6249
uniform_air,1234,B_R8_1byte,J_JFA_GPU,T_SDFSmooth,6,1000,14.2032,3.80032,1.276,0.503163,512,0.333334,0.0800781,11.9288,78.7501,95.6249
uniform_air,1234,B_R8_1byte,J_JFA_GPU,T_Hybrid,6,1000,14.2469,4.28299,0.543995,0.510095,512,0.166667,0.128906,28.4592,78.7501,95.6249
uniform_air,1234,B_R8_1byte,K_BruteForce_BFS,T_VoxelDiscrete,6,1000,6.61093,1.57623,0.703004,0.397242,512,0.166667,0.149414,35.2627,78.7501,95.6249
uniform_air,1234,B_R8_1byte,K_BruteForce_BFS,T_SDFSmooth,6,1000,6.53936,2.07097,1.47418,0.384739,512,0.333334,0.0888672,12.2356,78.7501,95.6249
uniform_air,1234,B_R8_1byte,K_BruteForce_BFS,T_Hybrid,6,1000,6.40713,1.98248,0.810893,0.629199,512,0.166667,0.149414,35.2627,78.7501,95.6249
uniform_air,1234,C_R8_4quant,J_JFA_GPU,T_VoxelDiscrete,6,1000,14.796,3.40849,0.747554,0.650819,512,0.166667,0.149414,35.2627,78.7501,95.6249
uniform_air,1234,C_R8_4quant,J_JFA_GPU,T_SDFSmooth,6,1000,15.5503,7.21507,1.35256,0.604226,512,0.333334,0.0800781,11.9288,78.7501,95.6249
uniform_air,1234,C_R8_4quant,J_JFA_GPU,T_Hybrid,6,1000,13.5541,2.6847,0.643574,0.548551,512,0.166667,0.128906,28.4592,78.7501,95.6249
uniform_air,1234,C_R8_4quant,K_BruteForce_BFS,T_VoxelDiscrete,6,1000,5.76827,1.55103,0.685105,0.411562,512,0.166667,0.149414,35.2627,78.7501,95.6249
uniform_air,1234,C_R8_4quant,K_BruteForce_BFS,T_SDFSmooth,6,1000,6.95008,1.67197,1.53439,0.69889,512,0.333334,0.0888672,12.2356,78.7501,95.6249
uniform_air,1234,C_R8_4quant,K_BruteForce_BFS,T_Hybrid,6,1000,6.60751,2.46843,0.704554,0.375855,512,0.166667,0.149414,35.2627,78.7501,95.6249
uniform_air,1234,D_RLE_NoneSparse,J_JFA_GPU,T_VoxelDiscrete,6,1000,14.9868,4.3091,0.716005,0.56255,153,0.166667,0.149414,35.2627,78.7501,95.6249
uniform_air,1234,D_RLE_NoneSparse,J_JFA_GPU,T_SDFSmooth,6,1000,13.6575,3.13573,1.42162,0.583856,153,0.333334,0.0800781,11.9288,78.7501,95.6249
uniform_air,1234,D_RLE_NoneSparse,J_JFA_GPU,T_Hybrid,6,1000,13.6349,3.44988,0.543016,0.468664,153,0.166667,0.128906,28.4592,78.7501,95.6249
uniform_air,1234,D_RLE_NoneSparse,K_BruteForce_BFS,T_VoxelDiscrete,6,1000,6.71227,1.96057,0.675454,0.454255,153,0.166667,0.149414,35.2627,78.7501,95.6249
uniform_air,1234,D_RLE_NoneSparse,K_BruteForce_BFS,T_SDFSmooth,6,1000,6.46881,1.33394,1.48546,0.392749,153,0.333334,0.0888672,12.2356,78.7501,95.6249
uniform_air,1234,D_RLE_NoneSparse,K_BruteForce_BFS,T_Hybrid,6,1000,7.43409,2.26602,0.655564,0.531914,153,0.166667,0.149414,35.2627,78.7501,95.6249
uniform_air,31337,A_None,J_JFA_GPU,T_VoxelDiscrete,6,1000,0,0,0.925832,0.401082,0,0,0.200195,13.9709,0,0
uniform_air,31337,A_None,J_JFA_GPU,T_SDFSmooth,6,1000,0,0,0.940392,0.486971,0,0,0.200195,13.9709,0,0
uniform_air,31337,A_None,J_JFA_GPU,T_Hybrid,6,1000,0,0,0.976662,0.637342,0,0,0.200195,13.9709,0,0
uniform_air,31337,A_None,K_BruteForce_BFS,T_VoxelDiscrete,6,1000,0,0,1.04048,0.413512,0,0,0.200195,13.9709,0,0
uniform_air,31337,A_None,K_BruteForce_BFS,T_SDFSmooth,6,1000,0,0,0.821333,0.574157,0,0,0.200195,13.9709,0,0
uniform_air,31337,A_None,K_BruteForce_BFS,T_Hybrid,6,1000,0,0,0.948262,0.601614,0,0,0.200195,13.9709,0,0
uniform_air,31337,B_R8_1byte,J_JFA_GPU,T_VoxelDiscrete,6,1000,12.59,2.44667,0.744625,0.50285,512,0,0.200195,13.9709,78.7501,90
uniform_air,31337,B_R8_1byte,J_JFA_GPU,T_SDFSmooth,6,1000,14.1644,4.00444,1.24129,0.7377,512,0.333334,0.21875,18.8175,78.7501,90
uniform_air,31337,B_R8_1byte,J_JFA_GPU,T_Hybrid,6,1000,14.1315,3.47081,0.775114,0.615276,512,0,0.111328,19.0679,78.7501,90
uniform_air,31337,B_R8_1byte,K_BruteForce_BFS,T_VoxelDiscrete,6,1000,5.34027,0.88889,0.739784,0.284271,512,0,0.200195,13.9709,78.7501,106.875
uniform_air,31337,B_R8_1byte,K_BruteForce_BFS,T_SDFSmooth,6,1000,6.6992,1.82062,1.21257,0.797802,512,0.333334,0.220703,18.9668,78.7501,106.875
uniform_air,31337,B_R8_1byte,K_BruteForce_BFS,T_Hybrid,6,1000,6.8738,2.13251,0.903092,0.518486,512,0,0.197266,14.099,78.7501,106.875
uniform_air,31337,C_R8_4quant,J_JFA_GPU,T_VoxelDiscrete,6,1000,14.2192,2.94468,0.784864,0.50986,512,0,0.200195,13.9709,78.7501,90
uniform_air,31337,C_R8_4quant,J_JFA_GPU,T_SDFSmooth,6,1000,12.0958,2.27492,0.867774,0.417423,512,0.333334,0.21875,18.8175,78.7501,90
uniform_air,31337,C_R8_4quant,J_JFA_GPU,T_Hybrid,6,1000,12.4954,2.48319,0.615906,0.480943,512,0,0.111328,19.0679,78.7501,90
uniform_air,31337,C_R8_4quant,K_BruteForce_BFS,T_VoxelDiscrete,6,1000,6.84253,2.16078,0.736314,0.427321,512,0,0.200195,13.9709,78.7501,106.875
uniform_air,31337,C_R8_4quant,K_BruteForce_BFS,T_SDFSmooth,6,1000,7.90597,2.50274,1.51415,0.699486,512,0.333334,0.220703,18.9668,78.7501,106.875
uniform_air,31337,C_R8_4quant,K_BruteForce_BFS,T_Hybrid,6,1000,6.07775,0.877517,0.740973,0.360541,512,0,0.197266,14.099,78.7501,106.875
uniform_air,31337,D_RLE_NoneSparse,J_JFA_GPU,T_VoxelDiscrete,6,1000,13.2857,4.30659,0.815493,1.41812,153,0,0.200195,13.9709,78.7501,90
uniform_air,31337,D_RLE_NoneSparse,J_JFA_GPU,T_SDFSmooth,6,1000,13.5765,4.12651,0.888822,0.585457,153,0.333334,0.21875,18.8175,78.7501,90
uniform_air,31337,D_RLE_NoneSparse,J_JFA_GPU,T_Hybrid,6,1000,14.3108,4.33846,0.602085,0.537652,153,0,0.111328,19.0679,78.7501,90
uniform_air,31337,D_RLE_NoneSparse,K_BruteForce_BFS,T_VoxelDiscrete,6,1000,6.99655,2.47658,0.727864,0.390963,153,0,0.200195,13.9709,78.7501,106.875
uniform_air,31337,D_RLE_NoneSparse,K_BruteForce_BFS,T_SDFSmooth,6,1000,6.64081,1.86671,1.50246,0.94326,153,0.333334,0.220703,18.9668,78.7501,106.875
uniform_air,31337,D_RLE_NoneSparse,K_BruteForce_BFS,T_Hybrid,6,1000,6.33137,2.3612,0.777094,0.620989,153,0,0.197266,14.099,78.7501,106.875
uniform_floor,1,A_None,J_JFA_GPU,T_VoxelDiscrete,6,1000,0,0,0.704205,0.367845,0,0.333334,0.500977,15.5123,0,0
uniform_floor,1,A_None,J_JFA_GPU,T_SDFSmooth,6,1000,0,0,0.725414,2.00437,0,0.333334,0.500977,15.5123,0,0
uniform_floor,1,A_None,J_JFA_GPU,T_Hybrid,6,1000,0,0,0.691664,0.43562,0,0.333334,0.500977,15.5123,0,0
uniform_floor,1,A_None,K_BruteForce_BFS,T_VoxelDiscrete,6,1000,0,0,0.713324,0.478313,0,0.333334,0.500977,15.5123,0,0
uniform_floor,1,A_None,K_BruteForce_BFS,T_SDFSmooth,6,1000,0,0,0.681425,0.409105,0,0.333334,0.500977,15.5123,0,0
uniform_floor,1,A_None,K_BruteForce_BFS,T_Hybrid,6,1000,0,0,0.572165,0.25126,0,0.333334,0.500977,15.5123,0,0
uniform_floor,1,B_R8_1byte,J_JFA_GPU,T_VoxelDiscrete,6,1000,16.4142,3.20415,0.697944,0.568449,512,0.333334,0.500977,15.5123,67.5001,90
uniform_floor,1,B_R8_1byte,J_JFA_GPU,T_SDFSmooth,6,1000,16.3979,3.34474,0.894493,0.456942,512,0.333334,0.47168,17.1807,67.5001,90
uniform_floor,1,B_R8_1byte,J_JFA_GPU,T_Hybrid,6,1000,15.9456,3.54977,0.808104,0.447913,512,0.333334,0.416016,21.6518,67.5001,90
uniform_floor,1,B_R8_1byte,K_BruteForce_BFS,T_VoxelDiscrete,6,1000,7.01743,1.74694,0.562556,0.482856,512,0.333334,0.500977,15.5123,67.5001,90
uniform_floor,1,B_R8_1byte,K_BruteForce_BFS,T_SDFSmooth,6,1000,6.26365,2.12204,1.00806,0.327902,512,0.333334,0.47168,17.1807,67.5001,90
uniform_floor,1,B_R8_1byte,K_BruteForce_BFS,T_Hybrid,6,1000,7.89803,3.28283,0.903543,1.15753,512,0.333334,0.416016,21.6518,67.5001,90
uniform_floor,1,C_R8_4quant,J_JFA_GPU,T_VoxelDiscrete,6,1000,16.1333,3.81919,0.557256,0.509492,512,0.333334,0.500977,15.5123,67.5001,90
uniform_floor,1,C_R8_4quant,J_JFA_GPU,T_SDFSmooth,6,1000,18.8564,5.78728,0.908883,0.504847,512,0.333334,0.47168,17.1807,67.5001,90
uniform_floor,1,C_R8_4quant,J_JFA_GPU,T_Hybrid,6,1000,15.2525,3.14416,0.935054,0.506227,512,0.333334,0.416016,21.6518,67.5001,90
uniform_floor,1,C_R8_4quant,K_BruteForce_BFS,T_VoxelDiscrete,6,1000,6.6425,1.81998,0.548706,0.427454,512,0.333334,0.500977,15.5123,67.5001,90
uniform_floor,1,C_R8_4quant,K_BruteForce_BFS,T_SDFSmooth,6,1000,5.36041,0.803242,1.01722,0.311141,512,0.333334,0.47168,17.1807,67.5001,90
uniform_floor,1,C_R8_4quant,K_BruteForce_BFS,T_Hybrid,6,1000,5.59133,1.24161,0.846473,0.40858,512,0.333334,0.416016,21.6518,67.5001,90
uniform_floor,1,D_RLE_NoneSparse,J_JFA_GPU,T_VoxelDiscrete,6,1000,15.5643,2.70495,0.564025,0.511547,153,0.333334,0.500977,15.5123,67.5001,90
uniform_floor,1,D_RLE_NoneSparse,J_JFA_GPU,T_SDFSmooth,6,1000,16.9223,4.27862,0.898552,0.485957,153,0.333334,0.47168,17.1807,67.5001,90
uniform_floor,1,D_RLE_NoneSparse,J_JFA_GPU,T_Hybrid,6,1000,14.6541,2.60683,0.823303,0.535349,153,0.333334,0.416016,21.6518,67.5001,90
uniform_floor,1,D_RLE_NoneSparse,K_BruteForce_BFS,T_VoxelDiscrete,6,1000,6.1247,1.94344,0.839273,0.490636,153,0.333334,0.500977,15.5123,67.5001,90
uniform_floor,1,D_RLE_NoneSparse,K_BruteForce_BFS,T_SDFSmooth,6,1000,6.33264,0.934225,1.04046,0.389989,153,0.333334,0.47168,17.1807,67.5001,90
uniform_floor,1,D_RLE_NoneSparse,K_BruteForce_BFS,T_Hybrid,6,1000,7.46666,2.33598,0.983763,0.549765,153,0.333334,0.416016,21.6518,67.5001,90
uniform_floor,7,A_None,J_JFA_GPU,T_VoxelDiscrete,6,1000,0,0,0.613385,0.416317,0,0.333334,0.500977,15.5123,0,0
uniform_floor,7,A_None,J_JFA_GPU,T_SDFSmooth,6,1000,0,0,0.697884,0.909043,0,0.333334,0.500977,15.5123,0,0
uniform_floor,7,A_None,J_JFA_GPU,T_Hybrid,6,1000,0,0,0.726464,0.319092,0,0.333334,0.500977,15.5123,0,0
uniform_floor,7,A_None,K_BruteForce_BFS,T_VoxelDiscrete,6,1000,0,0,0.680684,0.391808,0,0.333334,0.500977,15.5123,0,0
uniform_floor,7,A_None,K_BruteForce_BFS,T_SDFSmooth,6,1000,0,0,0.676804,0.363707,0,0.333334,0.500977,15.5123,0,0
uniform_floor,7,A_None,K_BruteForce_BFS,T_Hybrid,6,1000,0,0,0.832593,0.638596,0,0.333334,0.500977,15.5123,0,0
uniform_floor,7,B_R8_1byte,J_JFA_GPU,T_VoxelDiscrete,6,1000,15.4635,2.88123,0.619975,0.592962,512,0.333334,0.500977,15.5123,67.5001,90
uniform_floor,7,B_R8_1byte,J_JFA_GPU,T_SDFSmooth,6,1000,18.5493,4.98145,0.898912,0.492605,512,0.333334,0.47168,17.1807,67.5001,90
uniform_floor,7,B_R8_1byte,J_JFA_GPU,T_Hybrid,6,1000,16.047,3.06207,1.01763,0.552872,512,0.333334,0.416016,21.6518,67.5001,90
uniform_floor,7,B_R8_1byte,K_BruteForce_BFS,T_VoxelDiscrete,6,1000,6.49054,1.50402,0.602815,0.354581,512,0.333334,0.500977,15.5123,67.5001,90
uniform_floor,7,B_R8_1byte,K_BruteForce_BFS,T_SDFSmooth,6,1000,5.86006,1.30362,1.01468,0.425765,512,0.333334,0.47168,17.1807,67.5001,90
uniform_floor,7,B_R8_1byte,K_BruteForce_BFS,T_Hybrid,6,1000,5.3899,0.986158,0.923392,0.396162,512,0.333334,0.416016,21.6518,67.5001,90
uniform_floor,7,C_R8_4quant,J_JFA_GPU,T_VoxelDiscrete,6,1000,15.2738,2.98719,0.554756,0.442598,512,0.333334,0.500977,15.5123,67.5001,90
uniform_floor,7,C_R8_4quant,J_JFA_GPU,T_SDFSmooth,6,1000,16.093,3.7385,0.905802,0.515846,512,0.333334,0.47168,17.1807,67.5001,90
uniform_floor,7,C_R8_4quant,J_JFA_GPU,T_Hybrid,6,1000,17.5011,3.67421,1.03774,0.598566,512,0.333334,0.416016,21.6518,67.5001,90
uniform_floor,7,C_R8_4quant,K_BruteForce_BFS,T_VoxelDiscrete,6,1000,6.93257,3.45508,0.566066,0.486841,512,0.333334,0.500977,15.5123,67.5001,90
uniform_floor,7,C_R8_4quant,K_BruteForce_BFS,T_SDFSmooth,6,1000,7.0943,2.27534,1.03656,0.492319,512,0.333334,0.47168,17.1807,67.5001,90
uniform_floor,7,C_R8_4quant,K_BruteForce_BFS,T_Hybrid,6,1000,6.02927,1.05039,1.02756,0.40364,512,0.333334,0.416016,21.6518,67.5001,90
uniform_floor,7,D_RLE_NoneSparse,J_JFA_GPU,T_VoxelDiscrete,6,1000,17.3092,4.39403,0.693624,0.630956,153,0.333334,0.500977,15.5123,67.5001,90
uniform_floor,7,D_RLE_NoneSparse,J_JFA_GPU,T_SDFSmooth,6,1000,15.2638,3.16531,0.969682,0.523455,153,0.333334,0.47168,17.1807,67.5001,90
uniform_floor,7,D_RLE_NoneSparse,J_JFA_GPU,T_Hybrid,6,1000,15.5869,3.26571,0.824833,0.647904,153,0.333334,0.416016,21.6518,67.5001,90
uniform_floor,7,D_RLE_NoneSparse,K_BruteForce_BFS,T_VoxelDiscrete,6,1000,6.4178,2.00271,0.749673,0.443269,153,0.333334,0.500977,15.5123,67.5001,90
uniform_floor,7,D_RLE_NoneSparse,K_BruteForce_BFS,T_SDFSmooth,6,1000,6.36549,1.8203,1.24968,0.949012,153,0.333334,0.47168,17.1807,67.5001,90
uniform_floor,7,D_RLE_NoneSparse,K_BruteForce_BFS,T_Hybrid,6,1000,7.14468,3.08278,0.853374,0.410243,153,0.333334,0.416016,21.6518,67.5001,90
uniform_floor,42,A_None,J_JFA_GPU,T_VoxelDiscrete,6,1000,0,0,0.689314,0.373047,0,0.333334,0.500977,15.5123,0,0
uniform_floor,42,A_None,J_JFA_GPU,T_SDFSmooth,6,1000,0,0,0.683574,0.361951,0,0.333334,0.500977,15.5123,0,0
uniform_floor,42,A_None,J_JFA_GPU,T_Hybrid,6,1000,0,0,0.672904,0.247444,0,0.333334,0.500977,15.5123,0,0
uniform_floor,42,A_None,K_BruteForce_BFS,T_VoxelDiscrete,6,1000,0,0,0.691294,0.351318,0,0.333334,0.500977,15.5123,0,0
uniform_floor,42,A_None,K_BruteForce_BFS,T_SDFSmooth,6,1000,0,0,0.683454,0.310304,0,0.333334,0.500977,15.5123,0,0
uniform_floor,42,A_None,K_BruteForce_BFS,T_Hybrid,6,1000,0,0,0.680915,0.387501,0,0.333334,0.500977,15.5123,0,0
uniform_floor,42,B_R8_1byte,J_JFA_GPU,T_VoxelDiscrete,6,1000,18.0049,9.722,0.559615,0.5202,512,0.333334,0.500977,15.5123,67.5001,90
uniform_floor,42,B_R8_1byte,J_JFA_GPU,T_SDFSmooth,6,1000,15.7186,3.67322,0.902862,0.517247,512,0.333334,0.47168,17.1807,67.5001,90
uniform_floor,42,B_R8_1byte,J_JFA_GPU,T_Hybrid,6,1000,15.2032,3.30389,0.845623,0.539075,512,0.333334,0.416016,21.6518,67.5001,90
uniform_floor,42,B_R8_1byte,K_BruteForce_BFS,T_VoxelDiscrete,6,1000,6.88175,1.58723,0.570745,0.52121,512,0.333334,0.500977,15.5123,67.5001,90
uniform_floor,42,B_R8_1byte,K_BruteForce_BFS,T_SDFSmooth,6,1000,6.9412,3.54412,1.30045,0.591192,512,0.333334,0.47168,17.1807,67.5001,90
uniform_floor,42,B_R8_1byte,K_BruteForce_BFS,T_Hybrid,6,1000,7.59453,2.65682,1.04079,0.890024,512,0.333334,0.416016,21.6518,67.5001,90
uniform_floor,42,C_R8_4quant,J_JFA_GPU,T_VoxelDiscrete,6,1000,15.2801,3.22197,0.564365,0.482434,512,0.333334,0.500977,15.5123,67.5001,90
uniform_floor,42,C_R8_4quant,J_JFA_GPU,T_SDFSmooth,6,1000,17.7142,7.0666,0.968752,1.26956,512,0.333334,0.47168,17.1807,67.5001,90
uniform_floor,42,C_R8_4quant,J_JFA_GPU,T_Hybrid,6,1000,15.7934,3.67895,0.878593,0.490968,512,0.333334,0.416016,21.6518,67.5001,90
uniform_floor,42,C_R8_4quant,K_BruteForce_BFS,T_VoxelDiscrete,6,1000,6.34083,1.39841,0.562975,0.396431,512,0.333334,0.500977,15.5123,67.5001,90
uniform_floor,42,C_R8_4quant,K_BruteForce_BFS,T_SDFSmooth,6,1000,7.63613,3.24313,1.21243,0.643239,512,0.333334,0.47168,17.1807,67.5001,90
uniform_floor,42,C_R8_4quant,K_BruteForce_BFS,T_Hybrid,6,1000,6.59019,1.60184,0.897112,0.632245,512,0.333334,0.416016,21.6518,67.5001,90
uniform_floor,42,D_RLE_NoneSparse,J_JFA_GPU,T_VoxelDiscrete,6,1000,16.3759,4.91858,0.601654,0.961867,153,0.333334,0.500977,15.5123,67.5001,90
uniform_floor,42,D_RLE_NoneSparse,J_JFA_GPU,T_SDFSmooth,6,1000,16.6166,4.17563,0.907533,0.562711,153,0.333334,0.47168,17.1807,67.5001,90
uniform_floor,42,D_RLE_NoneSparse,J_JFA_GPU,T_Hybrid,6,1000,16.8145,3.73348,0.836693,0.460596,153,0.333334,0.416016,21.6518,67.5001,90
uniform_floor,42,D_RLE_NoneSparse,K_BruteForce_BFS,T_VoxelDiscrete,6,1000,6.66262,2.33011,0.562955,0.381927,153,0.333334,0.500977,15.5123,67.5001,90
uniform_floor,42,D_RLE_NoneSparse,K_BruteForce_BFS,T_SDFSmooth,6,1000,6.22551,1.99561,1.05963,0.419314,153,0.333334,0.47168,17.1807,67.5001,90
uniform_floor,42,D_RLE_NoneSparse,K_BruteForce_BFS,T_Hybrid,6,1000,7.05085,2.09644,0.813673,0.408749,153,0.333334,0.416016,21.6518,67.5001,90
uniform_floor,1234,A_None,J_JFA_GPU,T_VoxelDiscrete,6,1000,0,0,0.711583,0.719101,0,0.333334,0.500977,15.5123,0,0
uniform_floor,1234,A_None,J_JFA_GPU,T_SDFSmooth,6,1000,0,0,0.834533,0.338379,0,0.333334,0.500977,15.5123,0,0
uniform_floor,1234,A_None,J_JFA_GPU,T_Hybrid,6,1000,0,0,0.720713,0.947287,0,0.333334,0.500977,15.5123,0,0
uniform_floor,1234,A_None,K_BruteForce_BFS,T_VoxelDiscrete,6,1000,0,0,0.683065,0.327022,0,0.333334,0.500977,15.5123,0,0
uniform_floor,1234,A_None,K_BruteForce_BFS,T_SDFSmooth,6,1000,0,0,0.683464,0.247469,0,0.333334,0.500977,15.5123,0,0
uniform_floor,1234,A_None,K_BruteForce_BFS,T_Hybrid,6,1000,0,0,0.725284,0.485379,0,0.333334,0.500977,15.5123,0,0
uniform_floor,1234,B_R8_1byte,J_JFA_GPU,T_VoxelDiscrete,6,1000,17.0104,6.56967,0.701944,0.563442,512,0.333334,0.500977,15.5123,67.5001,90
uniform_floor,1234,B_R8_1byte,J_JFA_GPU,T_SDFSmooth,6,1000,15.2836,2.68201,0.960872,0.904689,512,0.333334,0.47168,17.1807,67.5001,90
uniform_floor,1234,B_R8_1byte,J_JFA_GPU,T_Hybrid,6,1000,17.2512,3.42514,0.809853,0.508878,512,0.333334,0.416016,21.6518,67.5001,90
uniform_floor,1234,B_R8_1byte,K_BruteForce_BFS,T_VoxelDiscrete,6,1000,7.20376,2.27624,0.707095,0.672935,512,0.333334,0.500977,15.5123,67.5001,90
uniform_floor,1234,B_R8_1byte,K_BruteForce_BFS,T_SDFSmooth,6,1000,9.70569,0.9529,1.23686,0.962357,512,0.333334,0.47168,17.1807,67.5001,90
uniform_floor,1234,B_R8_1byte,K_BruteForce_BFS,T_Hybrid,6,1000,6.01196,1.78884,0.842023,0.439743,512,0.333334,0.416016,21.6518,67.5001,90
uniform_floor,1234,C_R8_4quant,J_JFA_GPU,T_VoxelDiscrete,6,1000,16.0727,4.14066,0.560075,0.497948,512,0.333334,0.500977,15.5123,67.5001,90
uniform_floor,1234,C_R8_4quant,J_JFA_GPU,T_SDFSmooth,6,1000,15.3382,2.40252,0.901532,0.448349,512,0.333334,0.47168,17.1807,67.5001,90
uniform_floor,1234,C_R8_4quant,J_JFA_GPU,T_Hybrid,6,1000,17.0516,5.49081,1.1144,1.13878,512,0.333334,0.416016,21.6518,67.5001,90
uniform_floor,1234,C_R8_4quant,K_BruteForce_BFS,T_VoxelDiscrete,6,1000,6.99115,3.64791,0.699734,0.538291,512,0.333334,0.500977,15.5123,67.5001,90
uniform_floor,1234,C_R8_4quant,K_BruteForce_BFS,T_SDFSmooth,6,1000,6.09764,1.75444,1.06,0.724045,512,0.333334,0.47168,17.1807,67.5001,90
uniform_floor,1234,C_R8_4quant,K_BruteForce_BFS,T_Hybrid,6,1000,6.49685,1.40954,0.862472,0.465988,512,0.333334,0.416016,21.6518,67.5001,90
uniform_floor,1234,D_RLE_NoneSparse,J_JFA_GPU,T_VoxelDiscrete,6,1000,15.8242,3.10782,0.554305,0.437327,153,0.333334,0.500977,15.5123,67.5001,90
uniform_floor,1234,D_RLE_NoneSparse,J_JFA_GPU,T_SDFSmooth,6,1000,17.2086,5.42614,0.940682,0.645088,153,0.333334,0.47168,17.1807,67.5001,90
uniform_floor,1234,D_RLE_NoneSparse,J_JFA_GPU,T_Hybrid,6,1000,18.0757,5.02011,1.14472,1.15158,153,0.333334,0.416016,21.6518,67.5001,90
uniform_floor,1234,D_RLE_NoneSparse,K_BruteForce_BFS,T_VoxelDiscrete,6,1000,6.34727,2.66237,0.584445,0.636333,153,0.333334,0.500977,15.5123,67.5001,90
uniform_floor,1234,D_RLE_NoneSparse,K_BruteForce_BFS,T_SDFSmooth,6,1000,6.73618,1.92612,1.25491,0.38542,153,0.333334,0.47168,17.1807,67.5001,90
uniform_floor,1234,D_RLE_NoneSparse,K_BruteForce_BFS,T_Hybrid,6,1000,5.76453,1.53447,0.812483,0.313275,153,0.333334,0.416016,21.6518,67.5001,90
uniform_floor,31337,A_None,J_JFA_GPU,T_VoxelDiscrete,6,1000,0,0,0.701314,0.75919,0,0.333334,0.500977,15.5123,0,0
uniform_floor,31337,A_None,J_JFA_GPU,T_SDFSmooth,6,1000,0,0,0.686875,0.520691,0,0.333334,0.500977,15.5123,0,0
uniform_floor,31337,A_None,J_JFA_GPU,T_Hybrid,6,1000,0,0,0.686364,0.365067,0,0.333334,0.500977,15.5123,0,0
uniform_floor,31337,A_None,K_BruteForce_BFS,T_VoxelDiscrete,6,1000,0,0,0.681984,0.310925,0,0.333334,0.500977,15.5123,0,0
uniform_floor,31337,A_None,K_BruteForce_BFS,T_SDFSmooth,6,1000,0,0,0.710863,1.04478,0,0.333334,0.500977,15.5123,0,0
uniform_floor,31337,A_None,K_BruteForce_BFS,T_Hybrid,6,1000,0,0,0.687465,0.353354,0,0.333334,0.500977,15.5123,0,0
uniform_floor,31337,B_R8_1byte,J_JFA_GPU,T_VoxelDiscrete,6,1000,17.5595,4.80279,0.555605,0.49756,512,0.333334,0.500977,15.5123,67.5001,90
uniform_floor,31337,B_R8_1byte,J_JFA_GPU,T_SDFSmooth,6,1000,19.2462,5.5706,1.00362,0.568846,512,0.333334,0.47168,17.1807,67.5001,90
uniform_floor,31337,B_R8_1byte,J_JFA_GPU,T_Hybrid,6,1000,20.4615,6.32635,1.2497,1.6383,512,0.333334,0.416016,21.6518,67.5001,90
uniform_floor,31337,B_R8_1byte,K_BruteForce_BFS,T_VoxelDiscrete,6,1000,5.50997,0.831468,0.560345,0.422529,512,0.333334,0.500977,15.5123,67.5001,90
uniform_floor,31337,B_R8_1byte,K_BruteForce_BFS,T_SDFSmooth,6,1000,6.06503,1.39499,1.08124,0.495216,512,0.333334,0.47168,17.1807,67.5001,90
uniform_floor,31337,B_R8_1byte,K_BruteForce_BFS,T_Hybrid,6,1000,5.28977,0.694258,0.819153,0.320445,512,0.333334,0.416016,21.6518,67.5001,90
uniform_floor,31337,C_R8_4quant,J_JFA_GPU,T_VoxelDiscrete,6,1000,14.4711,2.19075,0.566845,0.436737,512,0.333334,0.500977,15.5123,67.5001,90
uniform_floor,31337,C_R8_4quant,J_JFA_GPU,T_SDFSmooth,6,1000,17.3043,4.09089,0.902622,0.583616,512,0.333334,0.47168,17.1807,67.5001,90
uniform_floor,31337,C_R8_4quant,J_JFA_GPU,T_Hybrid,6,1000,15.2454,2.89815,0.817223,0.472669,512,0.333334,0.416016,21.6518,67.5001,90
uniform_floor,31337,C_R8_4quant,K_BruteForce_BFS,T_VoxelDiscrete,6,1000,7.96781,3.11826,0.688904,0.645006,512,0.333334,0.500977,15.5123,67.5001,90
uniform_floor,31337,C_R8_4quant,K_BruteForce_BFS,T_SDFSmooth,6,1000,7.21405,2.17898,1.30289,0.630795,512,0.333334,0.47168,17.1807,67.5001,90
uniform_floor,31337,C_R8_4quant,K_BruteForce_BFS,T_Hybrid,6,1000,6.02734,3.8707,0.815004,0.406189,512,0.333334,0.416016,21.6518,67.5001,90
uniform_floor,31337,D_RLE_NoneSparse,J_JFA_GPU,T_VoxelDiscrete,6,1000,15.8532,4.0099,0.553035,0.599964,153,0.333334,0.500977,15.5123,67.5001,90
uniform_floor,31337,D_RLE_NoneSparse,J_JFA_GPU,T_SDFSmooth,6,1000,16.3564,3.76795,0.970051,0.550219,153,0.333334,0.47168,17.1807,67.5001,90
uniform_floor,31337,D_RLE_NoneSparse,J_JFA_GPU,T_Hybrid,6,1000,18.193,4.38087,1.1533,0.675395,153,0.333334,0.416016,21.6518,67.5001,90
uniform_floor,31337,D_RLE_NoneSparse,K_BruteForce_BFS,T_VoxelDiscrete,6,1000,5.61715,1.32729,0.583656,0.434562,153,0.333334,0.500977,15.5123,67.5001,90
uniform_floor,31337,D_RLE_NoneSparse,K_BruteForce_BFS,T_SDFSmooth,6,1000,5.24572,0.476224,1.14328,0.37901,153,0.333334,0.47168,17.1807,67.5001,90
uniform_floor,31337,D_RLE_NoneSparse,K_BruteForce_BFS,T_Hybrid,6,1000,6.52762,4.57061,0.875872,1.53154,153,0.333334,0.416016,21.6518,67.5001,90
forest_floor,1,A_None,J_JFA_GPU,T_VoxelDiscrete,6,1000,0,0,0.588666,0.363882,0,0.5,0.52832,30.958,0,0
forest_floor,1,A_None,J_JFA_GPU,T_SDFSmooth,6,1000,0,0,0.584185,0.258019,0,0.5,0.52832,30.958,0,0
forest_floor,1,A_None,J_JFA_GPU,T_Hybrid,6,1000,0,0,0.491916,0.2669,0,0.5,0.52832,30.958,0,0
forest_floor,1,A_None,K_BruteForce_BFS,T_VoxelDiscrete,6,1000,0,0,0.494456,0.462867,0,0.5,0.52832,30.958,0,0
forest_floor,1,A_None,K_BruteForce_BFS,T_SDFSmooth,6,1000,0,0,0.496267,0.344033,0,0.5,0.52832,30.958,0,0
forest_floor,1,A_None,K_BruteForce_BFS,T_Hybrid,6,1000,0,0,0.475746,0.299461,0,0.5,0.52832,30.958,0,0
forest_floor,1,B_R8_1byte,J_JFA_GPU,T_VoxelDiscrete,6,1000,16.7041,5.36034,0.542935,0.436877,512,0.5,0.52832,30.958,67.5001,90
forest_floor,1,B_R8_1byte,J_JFA_GPU,T_SDFSmooth,6,1000,16.0876,5.50339,1.54426,3.12036,512,0.333334,0.475586,16.9388,67.5001,90
forest_floor,1,B_R8_1byte,J_JFA_GPU,T_Hybrid,6,1000,15.4724,3.64623,0.781994,0.573929,512,0.5,0.444336,25.0885,67.5001,90
forest_floor,1,B_R8_1byte,K_BruteForce_BFS,T_VoxelDiscrete,6,1000,6.75775,1.89658,0.474506,0.317314,512,0.5,0.52832,30.958,67.5001,90
forest_floor,1,B_R8_1byte,K_BruteForce_BFS,T_SDFSmooth,6,1000,6.73825,1.36084,1.4722,1.02815,512,0.333334,0.475586,16.9388,67.5001,90
forest_floor,1,B_R8_1byte,K_BruteForce_BFS,T_Hybrid,6,1000,6.40169,1.06346,0.763054,0.35952,512,0.5,0.444336,25.0885,67.5001,90
forest_floor,1,C_R8_4quant,J_JFA_GPU,T_VoxelDiscrete,6,1000,15.8081,4.23562,0.491878,0.507114,512,0.5,0.52832,30.958,67.5001,90
forest_floor,1,C_R8_4quant,J_JFA_GPU,T_SDFSmooth,6,1000,16.3352,5.90181,1.2001,0.789913,512,0.333334,0.475586,16.9388,67.5001,90
forest_floor,1,C_R8_4quant,J_JFA_GPU,T_Hybrid,6,1000,15.8818,5.93619,0.768474,0.488606,512,0.5,0.444336,25.0885,67.5001,90
forest_floor,1,C_R8_4quant,K_BruteForce_BFS,T_VoxelDiscrete,6,1000,6.75419,1.8458,0.485586,0.432825,512,0.5,0.52832,30.958,67.5001,90
forest_floor,1,C_R8_4quant,K_BruteForce_BFS,T_SDFSmooth,6,1000,6.63338,1.74489,1.18389,1.00802,512,0.333334,0.475586,16.9388,67.5001,90
forest_floor,1,C_R8_4quant,K_BruteForce_BFS,T_Hybrid,6,1000,6.4011,0.759656,0.771904,0.35675,512,0.5,0.444336,25.0885,67.5001,90
forest_floor,1,D_RLE_NoneSparse,J_JFA_GPU,T_VoxelDiscrete,6,1000,16.7982,3.1188,0.592504,0.611693,153,0.5,0.52832,30.958,67.5001,90
forest_floor,1,D_RLE_NoneSparse,J_JFA_GPU,T_SDFSmooth,6,1000,15.7971,5.29849,1.11711,0.860453,153,0.333334,0.475586,16.9388,67.5001,90
forest_floor,1,D_RLE_NoneSparse,J_JFA_GPU,T_Hybrid,6,1000,16.1875,3.75407,0.960533,0.670804,153,0.5,0.444336,25.0885,67.5001,90
forest_floor,1,D_RLE_NoneSparse,K_BruteForce_BFS,T_VoxelDiscrete,6,1000,7.89372,2.6425,0.685394,1.06658,153,0.5,0.52832,30.958,67.5001,90
forest_floor,1,D_RLE_NoneSparse,K_BruteForce_BFS,T_SDFSmooth,6,1000,8.17751,3.23142,1.38342,0.414024,153,0.333334,0.475586,16.9388,67.5001,90
forest_floor,1,D_RLE_NoneSparse,K_BruteForce_BFS,T_Hybrid,6,1000,5.8974,1.56647,0.768943,0.453189,153,0.5,0.444336,25.0885,67.5001,90
forest_floor,7,A_None,J_JFA_GPU,T_VoxelDiscrete,6,1000,0,0,0.599126,0.293733,0,0.333334,0.52832,14.1999,0,0
forest_floor,7,A_None,J_JFA_GPU,T_SDFSmooth,6,1000,0,0,0.564356,0.503706,0,0.333334,0.52832,14.1999,0,0
forest_floor,7,A_None,J_JFA_GPU,T_Hybrid,6,1000,0,0,0.694984,0.740001,0,0.333334,0.52832,14.1999,0,0
forest_floor,7,A_None,K_BruteForce_BFS,T_VoxelDiscrete,6,1000,0,0,0.662544,0.458648,0,0.333334,0.52832,14.1999,0,0
forest_floor,7,A_None,K_BruteForce_BFS,T_SDFSmooth,6,1000,0,0,0.713804,0.393151,0,0.333334,0.52832,14.1999,0,0
forest_floor,7,A_None,K_BruteForce_BFS,T_Hybrid,6,1000,0,0,0.692494,0.604137,0,0.333334,0.52832,14.1999,0,0
forest_floor,7,B_R8_1byte,J_JFA_GPU,T_VoxelDiscrete,6,1000,15.1572,5.06001,0.954652,0.676695,512,0.333334,0.52832,14.1999,67.5001,90
forest_floor,7,B_R8_1byte,J_JFA_GPU,T_SDFSmooth,6,1000,15.273,3.06278,0.957412,0.425317,512,0.333334,0.481445,16.5882,67.5001,90
forest_floor,7,B_R8_1byte,J_JFA_GPU,T_Hybrid,6,1000,15.8343,3.33576,0.824823,0.45391,512,0.333334,0.443359,19.1702,67.5001,90
forest_floor,7,B_R8_1byte,K_BruteForce_BFS,T_VoxelDiscrete,6,1000,6.48552,2.02867,0.596885,0.417997,512,0.333334,0.52832,14.1999,67.5001,90
forest_floor,7,B_R8_1byte,K_BruteForce_BFS,T_SDFSmooth,6,1000,7.01962,2.47443,1.34621,0.978901,512,0.333334,0.481445,16.5882,67.5001,90
forest_floor,7,B_R8_1byte,K_BruteForce_BFS,T_Hybrid,6,1000,8.40171,4.23938,1.0073,0.529995,512,0.333334,0.443359,19.1702,67.5001,90
forest_floor,7,C_R8_4quant,J_JFA_GPU,T_VoxelDiscrete,6,1000,15.7567,3.76202,0.700564,0.601664,512,0.333334,0.52832,14.1999,67.5001,90
forest_floor,7,C_R8_4quant,J_JFA_GPU,T_SDFSmooth,6,1000,16.5515,5.58687,0.960662,0.510335,512,0.333334,0.481445,16.5882,67.5001,90
forest_floor,7,C_R8_4quant,J_JFA_GPU,T_Hybrid,6,1000,13.9489,2.24034,0.814903,0.44627,512,0.333334,0.443359,19.1702,67.5001,90
forest_floor,7,C_R8_4quant,K_BruteForce_BFS,T_VoxelDiscrete,6,1000,5.38228,0.462384,0.574275,0.246148,512,0.333334,0.52832,14.1999,67.5001,90
forest_floor,7,C_R8_4quant,K_BruteForce_BFS,T_SDFSmooth,6,1000,6.8259,2.05022,1.09943,0.511806,512,0.333334,0.481445,16.5882,67.5001,90
forest_floor,7,C_R8_4quant,K_BruteForce_BFS,T_Hybrid,6,1000,5.43447,0.866667,0.814984,0.322046,512,0.333334,0.443359,19.1702,67.5001,90
forest_floor,7,D_RLE_NoneSparse,J_JFA_GPU,T_VoxelDiscrete,6,1000,16.3023,4.48222,0.849293,0.988675,153,0.333334,0.52832,14.1999,67.5001,90
forest_floor,7,D_RLE_NoneSparse,J_JFA_GPU,T_SDFSmooth,6,1000,14.7442,3.07505,1.01058,0.608526,153,0.333334,0.481445,16.5882,67.5001,90
forest_floor,7,D_RLE_NoneSparse,J_JFA_GPU,T_Hybrid,6,1000,15.6071,3.88205,0.825733,0.52945,153,0.333334,0.443359,19.1702,67.5001,90
forest_floor,7,D_RLE_NoneSparse,K_BruteForce_BFS,T_VoxelDiscrete,6,1000,5.9029,2.11005,0.705334,0.824754,153,0.333334,0.52832,14.1999,67.5001,90
forest_floor,7,D_RLE_NoneSparse,K_BruteForce_BFS,T_SDFSmooth,6,1000,5.53622,0.803917,1.03804,0.362334,153,0.333334,0.481445,16.5882,67.5001,90
forest_floor,7,D_RLE_NoneSparse,K_BruteForce_BFS,T_Hybrid,6,1000,6.52689,1.18409,0.807963,0.408237,153,0.333334,0.443359,19.1702,67.5001,90
forest_floor,42,A_None,J_JFA_GPU,T_VoxelDiscrete,6,1000,0,0,0.488086,0.211499,0,0.5,0.524414,32.2472,0,0
forest_floor,42,A_None,J_JFA_GPU,T_SDFSmooth,6,1000,0,0,0.531176,0.318153,0,0.5,0.524414,32.2472,0,0
forest_floor,42,A_None,J_JFA_GPU,T_Hybrid,6,1000,0,0,0.668645,0.380894,0,0.5,0.524414,32.2472,0,0
forest_floor,42,A_None,K_BruteForce_BFS,T_VoxelDiscrete,6,1000,0,0,0.618614,0.446084,0,0.5,0.524414,32.2472,0,0
forest_floor,42,A_None,K_BruteForce_BFS,T_SDFSmooth,6,1000,0,0,0.806134,0.308146,0,0.5,0.524414,32.2472,0,0
forest_floor,42,A_None,K_BruteForce_BFS,T_Hybrid,6,1000,0,0,0.626685,0.356618,0,0.5,0.524414,32.2472,0,0
forest_floor,42,B_R8_1byte,J_JFA_GPU,T_VoxelDiscrete,6,1000,15.3028,3.23381,0.556505,0.484915,512,0.5,0.524414,32.2472,67.5001,90
forest_floor,42,B_R8_1byte,J_JFA_GPU,T_SDFSmooth,6,1000,14.5956,2.88485,1.15702,1.26962,512,0.5,0.489258,39.3781,67.5001,90
forest_floor,42,B_R8_1byte,J_JFA_GPU,T_Hybrid,6,1000,14.6025,2.67905,0.792873,0.542521,512,0.5,0.439453,24.3582,67.5001,90
forest_floor,42,B_R8_1byte,K_BruteForce_BFS,T_VoxelDiscrete,6,1000,7.52306,2.87731,0.810973,0.620909,512,0.5,0.524414,32.2472,67.5001,90
forest_floor,42,B_R8_1byte,K_BruteForce_BFS,T_SDFSmooth,6,1000,6.48756,1.04736,0.986372,0.379536,512,0.5,0.489258,39.3781,67.5001,90
forest_floor,42,B_R8_1byte,K_BruteForce_BFS,T_Hybrid,6,1000,7.25176,2.15948,0.808273,0.755819,512,0.5,0.439453,24.3582,67.5001,90
forest_floor,42,C_R8_4quant,J_JFA_GPU,T_VoxelDiscrete,6,1000,16.6067,4.10391,0.505946,0.431609,512,0.5,0.524414,32.2472,67.5001,90
forest_floor,42,C_R8_4quant,J_JFA_GPU,T_SDFSmooth,6,1000,15.493,3.71713,0.950581,0.459281,512,0.5,0.489258,39.3781,67.5001,90
forest_floor,42,C_R8_4quant,J_JFA_GPU,T_Hybrid,6,1000,14.4188,2.06851,0.784533,0.453171,512,0.5,0.439453,24.3582,67.5001,90
forest_floor,42,C_R8_4quant,K_BruteForce_BFS,T_VoxelDiscrete,6,1000,5.43882,0.783221,0.499477,0.352657,512,0.5,0.524414,32.2472,67.5001,90
forest_floor,42,C_R8_4quant,K_BruteForce_BFS,T_SDFSmooth,6,1000,5.70776,1.49281,1.01079,0.408291,512,0.5,0.489258,39.3781,67.5001,90
forest_floor,42,C_R8_4quant,K_BruteForce_BFS,T_Hybrid,6,1000,6.15236,0.829593,0.794013,0.305923,512,0.5,0.439453,24.3582,67.5001,90
forest_floor,42,D_RLE_NoneSparse,J_JFA_GPU,T_VoxelDiscrete,6,1000,13.8823,1.39334,0.508746,0.366162,153,0.5,0.524414,32.2472,67.5001,90
forest_floor,42,D_RLE_NoneSparse,J_JFA_GPU,T_SDFSmooth,6,1000,14.9501,3.11746,0.928422,0.619211,153,0.5,0.489258,39.3781,67.5001,90
forest_floor,42,D_RLE_NoneSparse,J_JFA_GPU,T_Hybrid,6,1000,14.8639,2.58909,0.851715,0.533422,153,0.5,0.439453,24.3582,67.5001,90
forest_floor,42,D_RLE_NoneSparse,K_BruteForce_BFS,T_VoxelDiscrete,6,1000,7.65192,2.85119,0.506695,0.418669,153,0.5,0.524414,32.2472,67.5001,90
forest_floor,42,D_RLE_NoneSparse,K_BruteForce_BFS,T_SDFSmooth,6,1000,6.48111,2.29877,0.983822,0.462703,153,0.5,0.489258,39.3781,67.5001,90
forest_floor,42,D_RLE_NoneSparse,K_BruteForce_BFS,T_Hybrid,6,1000,6.93269,2.07231,0.772883,0.398885,153,0.5,0.439453,24.3582,67.5001,90
forest_floor,1234,A_None,J_JFA_GPU,T_VoxelDiscrete,6,1000,0,0,0.608006,0.381783,0,0.5,0.532227,29.8357,0,0
forest_floor,1234,A_None,J_JFA_GPU,T_SDFSmooth,6,1000,0,0,0.527176,0.379788,0,0.5,0.532227,29.8357,0,0
forest_floor,1234,A_None,J_JFA_GPU,T_Hybrid,6,1000,0,0,0.607415,0.359825,0,0.5,0.532227,29.8357,0,0
forest_floor,1234,A_None,K_BruteForce_BFS,T_VoxelDiscrete,6,1000,0,0,0.616935,0.487976,0,0.5,0.532227,29.8357,0,0
forest_floor,1234,A_None,K_BruteForce_BFS,T_SDFSmooth,6,1000,0,0,0.615135,0.356427,0,0.5,0.532227,29.8357,0,0
forest_floor,1234,A_None,K_BruteForce_BFS,T_Hybrid,6,1000,0,0,0.626834,0.313154,0,0.5,0.532227,29.8357,0,0
forest_floor,1234,B_R8_1byte,J_JFA_GPU,T_VoxelDiscrete,6,1000,14.7343,3.16245,0.489596,0.48623,512,0.5,0.532227,29.8357,67.5001,90
forest_floor,1234,B_R8_1byte,J_JFA_GPU,T_SDFSmooth,6,1000,15.3093,2.91198,0.956562,0.513372,512,0.5,0.487305,37.9271,67.5001,90
forest_floor,1234,B_R8_1byte,J_JFA_GPU,T_Hybrid,6,1000,15.0473,3.48759,0.844683,0.687245,512,0.5,0.447266,25.5581,67.5001,90
forest_floor,1234,B_R8_1byte,K_BruteForce_BFS,T_VoxelDiscrete,6,1000,6.7332,2.48763,0.526665,0.572291,512,0.5,0.532227,29.8357,67.5001,90
forest_floor,1234,B_R8_1byte,K_BruteForce_BFS,T_SDFSmooth,6,1000,5.87607,1.49562,1.00779,0.49675,512,0.5,0.487305,37.9271,67.5001,90
forest_floor,1234,B_R8_1byte,K_BruteForce_BFS,T_Hybrid,6,1000,5.86299,1.52792,0.980042,0.485865,512,0.5,0.447266,25.5581,67.5001,90
forest_floor,1234,C_R8_4quant,J_JFA_GPU,T_VoxelDiscrete,6,1000,15.7343,4.32642,0.517336,1.21555,512,0.5,0.532227,29.8357,67.5001,90
forest_floor,1234,C_R8_4quant,J_JFA_GPU,T_SDFSmooth,6,1000,15.8273,5.08456,1.1419,0.500477,512,0.5,0.487305,37.9271,67.5001,90
forest_floor,1234,C_R8_4quant,J_JFA_GPU,T_Hybrid,6,1000,15.326,3.27803,0.807864,0.526682,512,0.5,0.447266,25.5581,67.5001,90
forest_floor,1234,C_R8_4quant,K_BruteForce_BFS,T_VoxelDiscrete,6,1000,5.64489,1.0605,0.511447,0.450104,512,0.5,0.532227,29.8357,67.5001,90
forest_floor,1234,C_R8_4quant,K_BruteForce_BFS,T_SDFSmooth,6,1000,6.76674,3.16905,1.00481,0.426431,512,0.5,0.487305,37.9271,67.5001,90
forest_floor,1234,C_R8_4quant,K_BruteForce_BFS,T_Hybrid,6,1000,6.07679,1.47316,0.820493,0.843818,512,0.5,0.447266,25.5581,67.5001,90
forest_floor,1234,D_RLE_NoneSparse,J_JFA_GPU,T_VoxelDiscrete,6,1000,16.9272,5.82482,0.514145,0.660621,153,0.5,0.532227,29.8357,67.5001,90
forest_floor,1234,D_RLE_NoneSparse,J_JFA_GPU,T_SDFSmooth,6,1000,15.0578,3.17573,0.924383,0.532153,153,0.5,0.487305,37.9271,67.5001,90
forest_floor,1234,D_RLE_NoneSparse,J_JFA_GPU,T_Hybrid,6,1000,15.712,4.83966,0.869964,2.01712,153,0.5,0.447266,25.5581,67.5001,90
forest_floor,1234,D_RLE_NoneSparse,K_BruteForce_BFS,T_VoxelDiscrete,6,1000,6.64201,2.30454,0.586056,1.69437,153,0.5,0.532227,29.8357,67.5001,90
forest_floor,1234,D_RLE_NoneSparse,K_BruteForce_BFS,T_SDFSmooth,6,1000,7.44143,2.94815,1.03697,1.06268,153,0.5,0.487305,37.9271,67.5001,90
forest_floor,1234,D_RLE_NoneSparse,K_BruteForce_BFS,T_Hybrid,6,1000,5.94905,1.62247,0.958462,0.794925,153,0.5,0.447266,25.5581,67.5001,90
forest_floor,31337,A_None,J_JFA_GPU,T_VoxelDiscrete,6,1000,0,0,0.507286,0.353211,0,0.5,0.547852,26.4021,0,0
forest_floor,31337,A_None,J_JFA_GPU,T_SDFSmooth,6,1000,0,0,0.486996,0.409945,0,0.5,0.547852,26.4021,0,0
forest_floor,31337,A_None,J_JFA_GPU,T_Hybrid,6,1000,0,0,0.495577,0.438766,0,0.5,0.547852,26.4021,0,0
forest_floor,31337,A_None,K_BruteForce_BFS,T_VoxelDiscrete,6,1000,0,0,0.472796,0.263533,0,0.5,0.547852,26.4021,0,0
forest_floor,31337,A_None,K_BruteForce_BFS,T_SDFSmooth,6,1000,0,0,0.587366,0.307837,0,0.5,0.547852,26.4021,0,0
forest_floor,31337,A_None,K_BruteForce_BFS,T_Hybrid,6,1000,0,0,0.521197,0.40612,0,0.5,0.547852,26.4021,0,0
forest_floor,31337,B_R8_1byte,J_JFA_GPU,T_VoxelDiscrete,6,1000,14.3259,2.4805,0.491716,0.501742,512,0.5,0.547852,26.4021,67.5001,78.75
forest_floor,31337,B_R8_1byte,J_JFA_GPU,T_SDFSmooth,6,1000,16.673,4.17455,1.10532,0.576405,512,0.333334,0.492188,15.9801,67.5001,78.75
forest_floor,31337,B_R8_1byte,J_JFA_GPU,T_Hybrid,6,1000,18.5596,5.64306,0.918542,0.759494,512,0.5,0.461914,28.3847,67.5001,78.75
forest_floor,31337,B_R8_1byte,K_BruteForce_BFS,T_VoxelDiscrete,6,1000,5.67739,1.15288,0.485246,0.430718,512,0.5,0.547852,26.4021,67.5001,78.75
forest_floor,31337,B_R8_1byte,K_BruteForce_BFS,T_SDFSmooth,6,1000,6.22637,2.42781,1.24761,0.993368,512,0.333334,0.492188,15.9801,67.5001,78.75
forest_floor,31337,B_R8_1byte,K_BruteForce_BFS,T_Hybrid,6,1000,6.47123,1.24611,0.789953,0.420644,512,0.5,0.461914,28.3847,67.5001,78.75
forest_floor,31337,C_R8_4quant,J_JFA_GPU,T_VoxelDiscrete,6,1000,15.3871,3.5061,0.517325,0.441125,512,0.5,0.547852,26.4021,67.5001,78.75
forest_floor,31337,C_R8_4quant,J_JFA_GPU,T_SDFSmooth,6,1000,16.7735,4.79696,1.1412,0.671551,512,0.333334,0.492188,15.9801,67.5001,78.75
forest_floor,31337,C_R8_4quant,J_JFA_GPU,T_Hybrid,6,1000,15.1287,4.30106,0.897023,0.557757,512,0.5,0.461914,28.3847,67.5001,78.75
forest_floor,31337,C_R8_4quant,K_BruteForce_BFS,T_VoxelDiscrete,6,1000,5.60032,1.30551,0.478956,0.303327,512,0.5,0.547852,26.4021,67.5001,78.75
forest_floor,31337,C_R8_4quant,K_BruteForce_BFS,T_SDFSmooth,6,1000,6.45067,1.74544,1.26045,0.56799,512,0.333334,0.492188,15.9801,67.5001,78.75
forest_floor,31337,C_R8_4quant,K_BruteForce_BFS,T_Hybrid,6,1000,5.79476,1.03846,0.777583,0.445764,512,0.5,0.461914,28.3847,67.5001,78.75
forest_floor,31337,D_RLE_NoneSparse,J_JFA_GPU,T_VoxelDiscrete,6,1000,14.7453,2.38059,0.490816,0.440955,153,0.5,0.547852,26.4021,67.5001,78.75
forest_floor,31337,D_RLE_NoneSparse,J_JFA_GPU,T_SDFSmooth,6,1000,16.7591,5.41305,1.16368,0.621147,153,0.333334,0.492188,15.9801,67.5001,78.75
forest_floor,31337,D_RLE_NoneSparse,J_JFA_GPU,T_Hybrid,6,1000,18.689,7.57591,0.974491,0.833358,153,0.5,0.461914,28.3847,67.5001,78.75
forest_floor,31337,D_RLE_NoneSparse,K_BruteForce_BFS,T_VoxelDiscrete,6,1000,5.96056,1.1628,0.476136,0.387009,153,0.5,0.547852,26.4021,67.5001,78.75
forest_floor,31337,D_RLE_NoneSparse,K_BruteForce_BFS,T_SDFSmooth,6,1000,6.56536,4.10807,1.20354,1.3811,153,0.333334,0.492188,15.9801,67.5001,78.75
forest_floor,31337,D_RLE_NoneSparse,K_BruteForce_BFS,T_Hybrid,6,1000,8.2715,4.37833,0.842583,1.43097,153,0.5,0.461914,28.3847,67.5001,78.75
cave_stress,1,A_None,J_JFA_GPU,T_VoxelDiscrete,6,1000,0,0,0.372168,0.330566,0,1,1,99,0,0
cave_stress,1,A_None,J_JFA_GPU,T_SDFSmooth,6,1000,0,0,0.345137,0.268421,0,1,1,99,0,0
cave_stress,1,A_None,J_JFA_GPU,T_Hybrid,6,1000,0,0,0.366548,0.229046,0,1,1,99,0,0
cave_stress,1,A_None,K_BruteForce_BFS,T_VoxelDiscrete,6,1000,0,0,0.402197,0.322272,0,1,1,99,0,0
cave_stress,1,A_None,K_BruteForce_BFS,T_SDFSmooth,6,1000,0,0,0.419966,0.314847,0,1,1,99,0,0
cave_stress,1,A_None,K_BruteForce_BFS,T_Hybrid,6,1000,0,0,0.402687,0.3081,0,1,1,99,0,0
cave_stress,1,B_R8_1byte,J_JFA_GPU,T_VoxelDiscrete,6,1000,16.0606,3.36569,0.324397,0.445772,512,1,1,99,78.7501,95.6249
cave_stress,1,B_R8_1byte,J_JFA_GPU,T_SDFSmooth,6,1000,19.4939,5.15313,1.11923,0.525346,512,1,1,99,78.7501,95.6249
cave_stress,1,B_R8_1byte,J_JFA_GPU,T_Hybrid,6,1000,18.1379,4.68699,1.0229,0.638775,512,1,1,99,78.7501,95.6249
cave_stress,1,B_R8_1byte,K_BruteForce_BFS,T_VoxelDiscrete,6,1000,6.75338,1.36106,0.325297,0.355609,512,1,1,99,78.7501,95.6249
cave_stress,1,B_R8_1byte,K_BruteForce_BFS,T_SDFSmooth,6,1000,8.13113,3.57012,1.34435,0.526433,512,1,1,99,78.7501,95.6249
cave_stress,1,B_R8_1byte,K_BruteForce_BFS,T_Hybrid,6,1000,6.60912,1.68642,1.11261,0.678617,512,1,1,99,78.7501,95.6249
cave_stress,1,C_R8_4quant,J_JFA_GPU,T_VoxelDiscrete,6,1000,16.4389,3.23332,0.412577,0.539705,512,1,1,99,78.7501,95.6249
cave_stress,1,C_R8_4quant,J_JFA_GPU,T_SDFSmooth,6,1000,16.2904,2.50635,1.33754,0.550828,512,1,1,99,78.7501,95.6249
cave_stress,1,C_R8_4quant,J_JFA_GPU,T_Hybrid,6,1000,18.4181,4.58165,1.04734,0.687533,512,1,1,99,78.7501,95.6249
cave_stress,1,C_R8_4quant,K_BruteForce_BFS,T_VoxelDiscrete,6,1000,6.54336,2.0744,0.329287,0.518692,512,1,1,99,78.7501,95.6249
cave_stress,1,C_R8_4quant,K_BruteForce_BFS,T_SDFSmooth,6,1000,6.59135,2.03351,1.08894,0.39939,512,1,1,99,78.7501,95.6249
cave_stress,1,C_R8_4quant,K_BruteForce_BFS,T_Hybrid,6,1000,6.30685,2.30421,1.01085,0.502812,512,1,1,99,78.7501,95.6249
cave_stress,1,D_RLE_NoneSparse,J_JFA_GPU,T_VoxelDiscrete,6,1000,15.209,2.47637,0.327397,0.428926,153,1,1,99,78.7501,95.6249
cave_stress,1,D_RLE_NoneSparse,J_JFA_GPU,T_SDFSmooth,6,1000,15.4485,2.53073,1.11426,0.553885,153,1,1,99,78.7501,95.6249
cave_stress,1,D_RLE_NoneSparse,J_JFA_GPU,T_Hybrid,6,1000,17.0615,4.40466,0.818343,0.479542,153,1,1,99,78.7501,95.6249
cave_stress,1,D_RLE_NoneSparse,K_BruteForce_BFS,T_VoxelDiscrete,6,1000,6.66247,2.1138,0.330847,0.47785,153,1,1,99,78.7501,95.6249
cave_stress,1,D_RLE_NoneSparse,K_BruteForce_BFS,T_SDFSmooth,6,1000,6.45915,2.92187,1.07205,0.368367,153,1,1,99,78.7501,95.6249
cave_stress,1,D_RLE_NoneSparse,K_BruteForce_BFS,T_Hybrid,6,1000,7.7583,2.45531,0.841013,0.630079,153,1,1,99,78.7501,95.6249
cave_stress,7,A_None,J_JFA_GPU,T_VoxelDiscrete,6,1000,0,0,0.372506,0.336853,0,1,1,99,0,0
cave_stress,7,A_None,J_JFA_GPU,T_SDFSmooth,6,1000,0,0,0.399267,0.314596,0,1,1,99,0,0
cave_stress,7,A_None,J_JFA_GPU,T_Hybrid,6,1000,0,0,0.394516,0.304496,0,1,1,99,0,0
cave_stress,7,A_None,K_BruteForce_BFS,T_VoxelDiscrete,6,1000,0,0,0.396247,0.251062,0,1,1,99,0,0
cave_stress,7,A_None,K_BruteForce_BFS,T_SDFSmooth,6,1000,0,0,0.398287,0.254116,0,1,1,99,0,0
cave_stress,7,A_None,K_BruteForce_BFS,T_Hybrid,6,1000,0,0,0.410017,0.326094,0,1,1,99,0,0
cave_stress,7,B_R8_1byte,J_JFA_GPU,T_VoxelDiscrete,6,1000,15.9762,4.0381,0.343257,0.540279,512,1,1,99,78.7501,95.6249
cave_stress,7,B_R8_1byte,J_JFA_GPU,T_SDFSmooth,6,1000,17.1439,3.84945,1.05116,0.545117,512,1,1,99,78.7501,95.6249
cave_stress,7,B_R8_1byte,J_JFA_GPU,T_Hybrid,6,1000,15.5127,2.95539,0.960662,0.730933,512,1,1,99,78.7501,95.6249
cave_stress,7,B_R8_1byte,K_BruteForce_BFS,T_VoxelDiscrete,6,1000,5.79953,3.20296,0.322408,0.307311,512,1,1,99,78.7501,95.6249
cave_stress,7,B_R8_1byte,K_BruteForce_BFS,T_SDFSmooth,6,1000,7.29184,2.30338,1.05667,0.549165,512,1,1,99,78.7501,95.6249
cave_stress,7,B_R8_1byte,K_BruteForce_BFS,T_Hybrid,6,1000,5.3433,0.403161,0.768174,0.25901,512,1,1,99,78.7501,95.6249
cave_stress,7,C_R8_4quant,J_JFA_GPU,T_VoxelDiscrete,6,1000,17.9362,5.05455,0.406037,0.540791,512,1,1,99,78.7501,95.6249
cave_stress,7,C_R8_4quant,J_JFA_GPU,T_SDFSmooth,6,1000,16.0852,2.99923,1.04009,0.539665,512,1,1,99,78.7501,95.6249
cave_stress,7,C_R8_4quant,J_JFA_GPU,T_Hybrid,6,1000,16.1436,2.71959,0.761054,0.458537,512,1,1,99,78.7501,95.6249
cave_stress,7,C_R8_4quant,K_BruteForce_BFS,T_VoxelDiscrete,6,1000,5.52056,0.993744,0.324387,0.270597,512,1,1,99,78.7501,95.6249
cave_stress,7,C_R8_4quant,K_BruteForce_BFS,T_SDFSmooth,6,1000,5.41085,0.445323,1.04112,0.334675,512,1,1,99,78.7501,95.6249
cave_stress,7,C_R8_4quant,K_BruteForce_BFS,T_Hybrid,6,1000,7.10479,2.10719,0.944972,0.372133,512,1,1,99,78.7501,95.6249
cave_stress,7,D_RLE_NoneSparse,J_JFA_GPU,T_VoxelDiscrete,6,1000,16.7889,3.94837,0.330247,0.458562,153,1,1,99,78.7501,95.6249
cave_stress,7,D_RLE_NoneSparse,J_JFA_GPU,T_SDFSmooth,6,1000,17.7778,5.804,1.53356,0.580921,153,1,1,99,78.7501,95.6249
cave_stress,7,D_RLE_NoneSparse,J_JFA_GPU,T_Hybrid,6,1000,16.7636,5.3389,0.765044,0.516919,153,1,1,99,78.7501,95.6249
cave_stress,7,D_RLE_NoneSparse,K_BruteForce_BFS,T_VoxelDiscrete,6,1000,7.67775,2.34484,0.527207,0.681711,153,1,1,99,78.7501,95.6249
cave_stress,7,D_RLE_NoneSparse,K_BruteForce_BFS,T_SDFSmooth,6,1000,6.54376,1.90599,1.03823,0.437962,153,1,1,99,78.7501,95.6249
cave_stress,7,D_RLE_NoneSparse,K_BruteForce_BFS,T_Hybrid,6,1000,6.74667,0.991501,1.01388,0.425227,153,1,1,99,78.7501,95.6249
cave_stress,42,A_None,J_JFA_GPU,T_VoxelDiscrete,6,1000,0,0,0.449476,0.322748,0,1,1,99,0,0
cave_stress,42,A_None,J_JFA_GPU,T_SDFSmooth,6,1000,0,0,0.362047,0.249233,0,1,1,99,0,0
cave_stress,42,A_None,J_JFA_GPU,T_Hybrid,6,1000,0,0,0.608897,1.53673,0,1,1,99,0,0
cave_stress,42,A_None,K_BruteForce_BFS,T_VoxelDiscrete,6,1000,0,0,0.388876,0.607664,0,1,1,99,0,0
cave_stress,42,A_None,K_BruteForce_BFS,T_SDFSmooth,6,1000,0,0,0.395746,0.325874,0,1,1,99,0,0
cave_stress,42,A_None,K_BruteForce_BFS,T_Hybrid,6,1000,0,0,0.389936,0.304274,0,1,1,99,0,0
cave_stress,42,B_R8_1byte,J_JFA_GPU,T_VoxelDiscrete,6,1000,19.9172,4.21632,0.418747,0.834386,512,1,1,99,78.7501,95.6249
cave_stress,42,B_R8_1byte,J_JFA_GPU,T_SDFSmooth,6,1000,14.9579,2.12049,1.26948,0.738584,512,1,1,99,78.7501,95.6249
cave_stress,42,B_R8_1byte,J_JFA_GPU,T_Hybrid,6,1000,14.6691,1.29889,0.668945,0.415571,512,1,1,99,78.7501,95.6249
cave_stress,42,B_R8_1byte,K_BruteForce_BFS,T_VoxelDiscrete,6,1000,5.57103,1.13429,0.326728,0.371523,512,1,1,99,78.7501,95.6249
cave_stress,42,B_R8_1byte,K_BruteForce_BFS,T_SDFSmooth,6,1000,6.88048,1.07969,1.34873,0.446802,512,1,1,99,78.7501,95.6249
cave_stress,42,B_R8_1byte,K_BruteForce_BFS,T_Hybrid,6,1000,5.62066,0.947592,0.664525,0.379282,512,1,1,99,78.7501,95.6249
cave_stress,42,C_R8_4quant,J_JFA_GPU,T_VoxelDiscrete,6,1000,15.9637,3.27394,0.327048,0.494705,512,1,1,99,78.7501,95.6249
cave_stress,42,C_R8_4quant,J_JFA_GPU,T_SDFSmooth,6,1000,17.1553,4.30653,1.09947,0.484715,512,1,1,99,78.7501,95.6249
cave_stress,42,C_R8_4quant,J_JFA_GPU,T_Hybrid,6,1000,18.5551,3.71119,0.889942,0.644647,512,1,1,99,78.7501,95.6249
cave_stress,42,C_R8_4quant,K_BruteForce_BFS,T_VoxelDiscrete,6,1000,5.77,0.710795,0.322077,0.319135,512,1,1,99,78.7501,95.6249
cave_stress,42,C_R8_4quant,K_BruteForce_BFS,T_SDFSmooth,6,1000,7.19101,3.00069,1.7761,2.14693,512,1,1,99,78.7501,95.6249
cave_stress,42,C_R8_4quant,K_BruteForce_BFS,T_Hybrid,6,1000,6.3124,0.929322,0.814244,0.405652,512,1,1,99,78.7501,95.6249
cave_stress,42,D_RLE_NoneSparse,J_JFA_GPU,T_VoxelDiscrete,6,1000,16.9753,4.61698,0.323827,0.375543,153,1,1,99,78.7501,95.6249
cave_stress,42,D_RLE_NoneSparse,J_JFA_GPU,T_SDFSmooth,6,1000,15.0596,2.06795,1.25119,0.961211,153,1,1,99,78.7501,95.6249
cave_stress,42,D_RLE_NoneSparse,J_JFA_GPU,T_Hybrid,6,1000,19.7301,6.19442,0.821913,0.573494,153,1,1,99,78.7501,95.6249
cave_stress,42,D_RLE_NoneSparse,K_BruteForce_BFS,T_VoxelDiscrete,6,1000,5.4802,0.679206,0.319788,0.270675,153,1,1,99,78.7501,95.6249
cave_stress,42,D_RLE_NoneSparse,K_BruteForce_BFS,T_SDFSmooth,6,1000,7.41073,2.43988,1.33272,0.605176,153,1,1,99,78.7501,95.6249
cave_stress,42,D_RLE_NoneSparse,K_BruteForce_BFS,T_Hybrid,6,1000,6.74344,3.02447,0.935322,0.491141,153,1,1,99,78.7501,95.6249
cave_stress,1234,A_None,J_JFA_GPU,T_VoxelDiscrete,6,1000,0,0,0.554055,0.429292,0,1,1,99,0,0
cave_stress,1234,A_None,J_JFA_GPU,T_SDFSmooth,6,1000,0,0,0.415347,0.646557,0,1,1,99,0,0
cave_stress,1234,A_None,J_JFA_GPU,T_Hybrid,6,1000,0,0,0.457226,0.523972,0,1,1,99,0,0
cave_stress,1234,A_None,K_BruteForce_BFS,T_VoxelDiscrete,6,1000,0,0,0.401188,0.305195,0,1,1,99,0,0
cave_stress,1234,A_None,K_BruteForce_BFS,T_SDFSmooth,6,1000,0,0,0.420937,0.601919,0,1,1,99,0,0
cave_stress,1234,A_None,K_BruteForce_BFS,T_Hybrid,6,1000,0,0,0.399787,0.2488,0,1,1,99,0,0
cave_stress,1234,B_R8_1byte,J_JFA_GPU,T_VoxelDiscrete,6,1000,16.2101,3.47387,0.423966,0.767606,512,1,1,99,78.7501,95.6249
cave_stress,1234,B_R8_1byte,J_JFA_GPU,T_SDFSmooth,6,1000,15.251,2.38435,1.04179,0.474551,512,1,1,99,78.7501,95.6249
cave_stress,1234,B_R8_1byte,J_JFA_GPU,T_Hybrid,6,1000,18.5531,7.33825,0.767754,0.501581,512,1,1,99,78.7501,95.6249
cave_stress,1234,B_R8_1byte,K_BruteForce_BFS,T_VoxelDiscrete,6,1000,5.48728,0.670677,0.377828,0.551535,512,1,1,99,78.7501,95.6249
cave_stress,1234,B_R8_1byte,K_BruteForce_BFS,T_SDFSmooth,6,1000,5.70982,1.12652,1.18999,0.44698,512,1,1,99,78.7501,95.6249
cave_stress,1234,B_R8_1byte,K_BruteForce_BFS,T_Hybrid,6,1000,5.4935,0.777622,0.785915,0.44014,512,1,1,99,78.7501,95.6249
cave_stress,1234,C_R8_4quant,J_JFA_GPU,T_VoxelDiscrete,6,1000,18.8675,4.80925,0.517006,0.84241,512,1,1,99,78.7501,95.6249
cave_stress,1234,C_R8_4quant,J_JFA_GPU,T_SDFSmooth,6,1000,17,3.61261,1.07239,0.504976,512,1,1,99,78.7501,95.6249
cave_stress,1234,C_R8_4quant,J_JFA_GPU,T_Hybrid,6,1000,16.3,3.60526,0.897792,0.518526,512,1,1,99,78.7501,95.6249
cave_stress,1234,C_R8_4quant,K_BruteForce_BFS,T_VoxelDiscrete,6,1000,6.64827,1.24743,0.456967,0.414191,512,1,1,99,78.7501,95.6249
cave_stress,1234,C_R8_4quant,K_BruteForce_BFS,T_SDFSmooth,6,1000,6.65129,2.92932,1.36801,0.522652,512,1,1,99,78.7501,95.6249
cave_stress,1234,C_R8_4quant,K_BruteForce_BFS,T_Hybrid,6,1000,6.55515,1.67167,0.769734,0.383086,512,1,1,99,78.7501,95.6249
cave_stress,1234,D_RLE_NoneSparse,J_JFA_GPU,T_VoxelDiscrete,6,1000,15.9063,3.29685,0.336877,0.466054,153,1,1,99,78.7501,95.6249
cave_stress,1234,D_RLE_NoneSparse,J_JFA_GPU,T_SDFSmooth,6,1000,15.2816,2.30516,1.04353,0.554523,153,1,1,99,78.7501,95.6249
cave_stress,1234,D_RLE_NoneSparse,J_JFA_GPU,T_Hybrid,6,1000,15.9857,3.37539,0.864364,0.56104,153,1,1,99,78.7501,95.6249
cave_stress,1234,D_RLE_NoneSparse,K_BruteForce_BFS,T_VoxelDiscrete,6,1000,6.02937,2.29122,0.319807,0.316548,153,1,1,99,78.7501,95.6249
cave_stress,1234,D_RLE_NoneSparse,K_BruteForce_BFS,T_SDFSmooth,6,1000,6.29567,3.64642,1.29818,0.436881,153,1,1,99,78.7501,95.6249
cave_stress,1234,D_RLE_NoneSparse,K_BruteForce_BFS,T_Hybrid,6,1000,6.31193,0.767158,0.758944,0.318039,153,1,1,99,78.7501,95.6249
cave_stress,31337,A_None,J_JFA_GPU,T_VoxelDiscrete,6,1000,0,0,0.383987,0.685654,0,1,1,99,0,0
cave_stress,31337,A_None,J_JFA_GPU,T_SDFSmooth,6,1000,0,0,0.369207,0.35863,0,1,1,99,0,0
cave_stress,31337,A_None,J_JFA_GPU,T_Hybrid,6,1000,0,0,0.365347,0.286808,0,1,1,99,0,0
cave_stress,31337,A_None,K_BruteForce_BFS,T_VoxelDiscrete,6,1000,0,0,0.364377,0.30351,0,1,1,99,0,0
cave_stress,31337,A_None,K_BruteForce_BFS,T_SDFSmooth,6,1000,0,0,0.376506,0.434168,0,1,1,99,0,0
cave_stress,31337,A_None,K_BruteForce_BFS,T_Hybrid,6,1000,0,0,0.361228,0.299813,0,1,1,99,0,0
cave_stress,31337,B_R8_1byte,J_JFA_GPU,T_VoxelDiscrete,6,1000,17.175,2.77653,0.297558,0.452294,512,1,1,99,78.7501,95.6249
cave_stress,31337,B_R8_1byte,J_JFA_GPU,T_SDFSmooth,6,1000,16.7748,3.5788,1.08446,0.49967,512,1,1,99,78.7501,95.6249
cave_stress,31337,B_R8_1byte,J_JFA_GPU,T_Hybrid,6,1000,18.0551,3.83905,0.937153,0.509348,512,1,1,99,78.7501,95.6249
cave_stress,31337,B_R8_1byte,K_BruteForce_BFS,T_VoxelDiscrete,6,1000,7.08538,2.46929,0.295478,0.42959,512,1,1,99,78.7501,95.6249
cave_stress,31337,B_R8_1byte,K_BruteForce_BFS,T_SDFSmooth,6,1000,5.31653,0.633858,1.05245,0.334194,512,1,1,99,78.7501,95.6249
cave_stress,31337,B_R8_1byte,K_BruteForce_BFS,T_Hybrid,6,1000,5.50055,1.12806,0.750874,0.386561,512,1,1,99,78.7501,95.6249
cave_stress,31337,C_R8_4quant,J_JFA_GPU,T_VoxelDiscrete,6,1000,17.3219,3.74982,0.427298,0.524913,512,1,1,99,78.7501,95.6249
cave_stress,31337,C_R8_4quant,J_JFA_GPU,T_SDFSmooth,6,1000,16.3175,3.19579,1.04678,0.494457,512,1,1,99,78.7501,95.6249
cave_stress,31337,C_R8_4quant,J_JFA_GPU,T_Hybrid,6,1000,16.8377,5.04524,0.937052,0.624569,512,1,1,99,78.7501,95.6249
cave_stress,31337,C_R8_4quant,K_BruteForce_BFS,T_VoxelDiscrete,6,1000,5.3217,0.55857,0.300927,0.341857,512,1,1,99,78.7501,95.6249
cave_stress,31337,C_R8_4quant,K_BruteForce_BFS,T_SDFSmooth,6,1000,7.19201,2.50598,1.03605,0.394494,512,1,1,99,78.7501,95.6249
cave_stress,31337,C_R8_4quant,K_BruteForce_BFS,T_Hybrid,6,1000,6.45339,1.85715,0.927122,0.457353,512,1,1,99,78.7501,95.6249
cave_stress,31337,D_RLE_NoneSparse,J_JFA_GPU,T_VoxelDiscrete,6,1000,16.3788,3.82272,0.300128,0.458855,153,1,1,99,78.7501,95.6249
cave_stress,31337,D_RLE_NoneSparse,J_JFA_GPU,T_SDFSmooth,6,1000,15.8886,3.34797,1.1044,0.552129,153,1,1,99,78.7501,95.6249
cave_stress,31337,D_RLE_NoneSparse,J_JFA_GPU,T_Hybrid,6,1000,17.9638,4.31276,0.737594,0.559795,153,1,1,99,78.7501,95.6249
cave_stress,31337,D_RLE_NoneSparse,K_BruteForce_BFS,T_VoxelDiscrete,6,1000,7.49513,2.12729,0.378597,0.39927,153,1,1,99,78.7501,95.6249
cave_stress,31337,D_RLE_NoneSparse,K_BruteForce_BFS,T_SDFSmooth,6,1000,6.70435,2.29419,1.05363,0.474394,153,1,1,99,78.7501,95.6249
cave_stress,31337,D_RLE_NoneSparse,K_BruteForce_BFS,T_Hybrid,6,1000,5.4467,0.659863,0.755484,0.249585,153,1,1,99,78.7501,95.6249
mixed_biome,1,A_None,J_JFA_GPU,T_VoxelDiscrete,6,1000,0,0,0.411288,0.316992,0,0.833328,0.910156,22.2896,0,0
mixed_biome,1,A_None,J_JFA_GPU,T_SDFSmooth,6,1000,0,0,0.332258,0.252104,0,0.833328,0.910156,22.2896,0,0
mixed_biome,1,A_None,J_JFA_GPU,T_Hybrid,6,1000,0,0,0.325057,0.247459,0,0.833328,0.910156,22.2896,0,0
mixed_biome,1,A_None,K_BruteForce_BFS,T_VoxelDiscrete,6,1000,0,0,0.401886,0.733739,0,0.833328,0.910156,22.2896,0,0
mixed_biome,1,A_None,K_BruteForce_BFS,T_SDFSmooth,6,1000,0,0,0.427336,0.473494,0,0.833328,0.910156,22.2896,0,0
mixed_biome,1,A_None,K_BruteForce_BFS,T_Hybrid,6,1000,0,0,0.407546,0.494133,0,0.833328,0.910156,22.2896,0,0
mixed_biome,1,B_R8_1byte,J_JFA_GPU,T_VoxelDiscrete,6,1000,15.8164,2.57731,0.335317,0.414749,512,0.833328,0.910156,22.2896,11.2501,90
mixed_biome,1,B_R8_1byte,J_JFA_GPU,T_SDFSmooth,6,1000,15.978,2.65415,0.878763,0.602644,512,1,0.999023,60.206,11.2501,90
mixed_biome,1,B_R8_1byte,J_JFA_GPU,T_Hybrid,6,1000,15.8764,2.54135,0.801023,0.418707,512,1,0.928711,22.9395,11.2501,90
mixed_biome,1,B_R8_1byte,K_BruteForce_BFS,T_VoxelDiscrete,6,1000,6.85466,1.97085,0.336027,0.472406,512,0.833328,0.910156,22.2896,11.2501,90
mixed_biome,1,B_R8_1byte,K_BruteForce_BFS,T_SDFSmooth,6,1000,7.6989,1.9599,0.831244,0.495455,512,1,0.999023,60.206,11.2501,90
mixed_biome,1,B_R8_1byte,K_BruteForce_BFS,T_Hybrid,6,1000,6.94632,1.75515,1.05756,0.667558,512,1,0.928711,22.9395,11.2501,90
mixed_biome,1,C_R8_4quant,J_JFA_GPU,T_VoxelDiscrete,6,1000,16.3481,2.49345,0.336307,0.462886,512,0.833328,0.910156,22.2896,11.2501,90
mixed_biome,1,C_R8_4quant,J_JFA_GPU,T_SDFSmooth,6,1000,17.4677,4.19796,0.867413,0.613033,512,1,0.999023,60.206,11.2501,90
mixed_biome,1,C_R8_4quant,J_JFA_GPU,T_Hybrid,6,1000,15.6371,1.8063,0.804084,0.469665,512,1,0.928711,22.9395,11.2501,90
mixed_biome,1,C_R8_4quant,K_BruteForce_BFS,T_VoxelDiscrete,6,1000,6.36701,1.54377,0.334517,0.405291,512,0.833328,0.910156,22.2896,11.2501,90
mixed_biome,1,C_R8_4quant,K_BruteForce_BFS,T_SDFSmooth,6,1000,7.6612,2.79339,1.00079,0.421274,512,1,0.999023,60.206,11.2501,90
mixed_biome,1,C_R8_4quant,K_BruteForce_BFS,T_Hybrid,6,1000,7.36749,1.77351,0.923774,0.489634,512,1,0.928711,22.9395,11.2501,90
mixed_biome,1,D_RLE_NoneSparse,J_JFA_GPU,T_VoxelDiscrete,6,1000,15.8652,2.55791,0.335747,0.4761,153,0.833328,0.910156,22.2896,11.2501,90
mixed_biome,1,D_RLE_NoneSparse,J_JFA_GPU,T_SDFSmooth,6,1000,16.1073,2.87423,0.814063,0.448804,153,1,0.999023,60.206,11.2501,90
mixed_biome,1,D_RLE_NoneSparse,J_JFA_GPU,T_Hybrid,6,1000,16.0562,2.86403,0.807693,0.483039,153,1,0.928711,22.9395,11.2501,90
mixed_biome,1,D_RLE_NoneSparse,K_BruteForce_BFS,T_VoxelDiscrete,6,1000,8.36534,2.61561,0.337027,0.504187,153,0.833328,0.910156,22.2896,11.2501,90
mixed_biome,1,D_RLE_NoneSparse,K_BruteForce_BFS,T_SDFSmooth,6,1000,7.05936,1.36904,0.798564,0.295827,153,1,0.999023,60.206,11.2501,90
mixed_biome,1,D_RLE_NoneSparse,K_BruteForce_BFS,T_Hybrid,6,1000,6.78176,1.87004,0.824693,0.340249,153,1,0.928711,22.9395,11.2501,90
mixed_biome,7,A_None,J_JFA_GPU,T_VoxelDiscrete,6,1000,0,0,0.344378,0.26869,0,0.833328,0.855469,33.0962,0,0
mixed_biome,7,A_None,J_JFA_GPU,T_SDFSmooth,6,1000,0,0,0.431046,0.373282,0,0.833328,0.855469,33.0962,0,0
mixed_biome,7,A_None,J_JFA_GPU,T_Hybrid,6,1000,0,0,0.378057,0.300336,0,0.833328,0.855469,33.0962,0,0
mixed_biome,7,A_None,K_BruteForce_BFS,T_VoxelDiscrete,6,1000,0,0,0.373996,0.2551,0,0.833328,0.855469,33.0962,0,0
mixed_biome,7,A_None,K_BruteForce_BFS,T_SDFSmooth,6,1000,0,0,0.419536,1.28723,0,0.833328,0.855469,33.0962,0,0
mixed_biome,7,A_None,K_BruteForce_BFS,T_Hybrid,6,1000,0,0,0.384468,0.319464,0,0.833328,0.855469,33.0962,0,0
mixed_biome,7,B_R8_1byte,J_JFA_GPU,T_VoxelDiscrete,6,1000,16.8963,3.23583,0.321217,0.503226,512,0.833328,0.855469,33.0962,11.2501,95.6249
mixed_biome,7,B_R8_1byte,J_JFA_GPU,T_SDFSmooth,6,1000,17.192,3.29057,1.19957,0.504995,512,1,0.981445,34.6309,11.2501,95.6249
mixed_biome,7,B_R8_1byte,J_JFA_GPU,T_Hybrid,6,1000,15.3913,1.4224,0.941552,0.667324,512,0.666668,0.78418,18.5984,11.2501,95.6249
mixed_biome,7,B_R8_1byte,K_BruteForce_BFS,T_VoxelDiscrete,6,1000,5.87082,0.431309,0.308708,0.236927,512,0.833328,0.855469,33.0962,11.2501,95.6249
mixed_biome,7,B_R8_1byte,K_BruteForce_BFS,T_SDFSmooth,6,1000,7.47786,1.34426,1.55136,0.67278,512,1,0.981445,34.6309,11.2501,95.6249
mixed_biome,7,B_R8_1byte,K_BruteForce_BFS,T_Hybrid,6,1000,7.0662,2.12965,0.794103,0.402919,512,0.666668,0.78418,18.5984,11.2501,95.6249
mixed_biome,7,C_R8_4quant,J_JFA_GPU,T_VoxelDiscrete,6,1000,17.0988,4.43469,0.310677,0.478809,512,0.833328,0.855469,33.0962,11.2501,95.6249
mixed_biome,7,C_R8_4quant,J_JFA_GPU,T_SDFSmooth,6,1000,15.3028,1.3641,1.29814,0.834591,512,1,0.981445,34.6309,11.2501,95.6249
mixed_biome,7,C_R8_4quant,J_JFA_GPU,T_Hybrid,6,1000,16.573,9.65071,0.796863,0.414997,512,0.666668,0.78418,18.5984,11.2501,95.6249
mixed_biome,7,C_R8_4quant,K_BruteForce_BFS,T_VoxelDiscrete,6,1000,6.50503,1.68131,0.315647,0.415427,512,0.833328,0.855469,33.0962,11.2501,95.6249
mixed_biome,7,C_R8_4quant,K_BruteForce_BFS,T_SDFSmooth,6,1000,8.77712,3.01915,1.46485,1.3777,512,1,0.981445,34.6309,11.2501,95.6249
mixed_biome,7,C_R8_4quant,K_BruteForce_BFS,T_Hybrid,6,1000,6.4287,2.11366,0.795983,0.497883,512,0.666668,0.78418,18.5984,11.2501,95.6249
mixed_biome,7,D_RLE_NoneSparse,J_JFA_GPU,T_VoxelDiscrete,6,1000,18.519,4.43543,0.310138,0.531346,153,0.833328,0.855469,33.0962,11.2501,95.6249
mixed_biome,7,D_RLE_NoneSparse,J_JFA_GPU,T_SDFSmooth,6,1000,16.8491,3.21588,1.15819,0.50408,153,1,0.981445,34.6309,11.2501,95.6249
mixed_biome,7,D_RLE_NoneSparse,J_JFA_GPU,T_Hybrid,6,1000,18.6121,15.7685,0.789413,0.539601,153,0.666668,0.78418,18.5984,11.2501,95.6249
mixed_biome,7,D_RLE_NoneSparse,K_BruteForce_BFS,T_VoxelDiscrete,6,1000,7.2576,2.37796,0.327427,0.512776,153,0.833328,0.855469,33.0962,11.2501,95.6249
mixed_biome,7,D_RLE_NoneSparse,K_BruteForce_BFS,T_SDFSmooth,6,1000,5.97248,0.895286,1.17346,0.448638,153,1,0.981445,34.6309,11.2501,95.6249
mixed_biome,7,D_RLE_NoneSparse,K_BruteForce_BFS,T_Hybrid,6,1000,6.84681,1.12652,0.792353,0.481466,153,0.666668,0.78418,18.5984,11.2501,95.6249
mixed_biome,42,A_None,J_JFA_GPU,T_VoxelDiscrete,6,1000,0,0,0.328148,0.31532,0,1,1,99,0,0
mixed_biome,42,A_None,J_JFA_GPU,T_SDFSmooth,6,1000,0,0,0.429266,0.399587,0,1,1,99,0,0
mixed_biome,42,A_None,J_JFA_GPU,T_Hybrid,6,1000,0,0,0.330757,0.313237,0,1,1,99,0,0
mixed_biome,42,A_None,K_BruteForce_BFS,T_VoxelDiscrete,6,1000,0,0,0.261139,0.249462,0,1,1,99,0,0
mixed_biome,42,A_None,K_BruteForce_BFS,T_SDFSmooth,6,1000,0,0,0.325487,0.302813,0,1,1,99,0,0
mixed_biome,42,A_None,K_BruteForce_BFS,T_Hybrid,6,1000,0,0,0.303398,0.45668,0,1,1,99,0,0
mixed_biome,42,B_R8_1byte,J_JFA_GPU,T_VoxelDiscrete,6,1000,16.5041,3.50458,0.325688,0.937813,512,1,1,99,22.5001,95.6249
mixed_biome,42,B_R8_1byte,J_JFA_GPU,T_SDFSmooth,6,1000,17.3418,3.70647,0.801633,0.397619,512,1,0.999023,60.206,22.5001,95.6249
mixed_biome,42,B_R8_1byte,J_JFA_GPU,T_Hybrid,6,1000,21.0276,4.68978,0.890863,0.621587,512,1,0.949219,25.8859,22.5001,95.6249
mixed_biome,42,B_R8_1byte,K_BruteForce_BFS,T_VoxelDiscrete,6,1000,6.59238,1.1547,0.267767,0.340971,512,1,1,99,22.5001,95.6249
mixed_biome,42,B_R8_1byte,K_BruteForce_BFS,T_SDFSmooth,6,1000,9.15061,3.30326,0.800654,0.430998,512,1,0.999023,60.206,22.5001,95.6249
mixed_biome,42,B_R8_1byte,K_BruteForce_BFS,T_Hybrid,6,1000,7.44544,2.18541,0.819013,0.380242,512,1,0.949219,25.8859,22.5001,95.6249
mixed_biome,42,C_R8_4quant,J_JFA_GPU,T_VoxelDiscrete,6,1000,16.1906,3.51668,0.275619,0.508231,512,1,1,99,22.5001,95.6249
mixed_biome,42,C_R8_4quant,J_JFA_GPU,T_SDFSmooth,6,1000,16.2945,2.84374,0.816574,0.571343,512,1,0.999023,60.206,22.5001,95.6249
mixed_biome,42,C_R8_4quant,J_JFA_GPU,T_Hybrid,6,1000,17.7485,3.81031,0.795143,0.516902,512,1,0.949219,25.8859,22.5001,95.6249
mixed_biome,42,C_R8_4quant,K_BruteForce_BFS,T_VoxelDiscrete,6,1000,7.84889,2.24463,0.340287,0.496813,512,1,1,99,22.5001,95.6249
mixed_biome,42,C_R8_4quant,K_BruteForce_BFS,T_SDFSmooth,6,1000,5.79493,1.0759,0.795924,0.342562,512,1,0.999023,60.206,22.5001,95.6249
mixed_biome,42,C_R8_4quant,K_BruteForce_BFS,T_Hybrid,6,1000,6.16478,1.52156,0.792273,0.463981,512,1,0.949219,25.8859,22.5001,95.6249
mixed_biome,42,D_RLE_NoneSparse,J_JFA_GPU,T_VoxelDiscrete,6,1000,16.392,3.30256,0.269898,0.482262,153,1,1,99,22.5001,95.6249
mixed_biome,42,D_RLE_NoneSparse,J_JFA_GPU,T_SDFSmooth,6,1000,18.6,4.51138,0.799953,0.521818,153,1,0.999023,60.206,22.5001,95.6249
mixed_biome,42,D_RLE_NoneSparse,J_JFA_GPU,T_Hybrid,6,1000,17.29,4.00726,0.814783,0.843508,153,1,0.949219,25.8859,22.5001,95.6249
mixed_biome,42,D_RLE_NoneSparse,K_BruteForce_BFS,T_VoxelDiscrete,6,1000,8.22528,2.4603,0.342256,0.568437,153,1,1,99,22.5001,95.6249
mixed_biome,42,D_RLE_NoneSparse,K_BruteForce_BFS,T_SDFSmooth,6,1000,7.51556,2.74285,1.06094,0.380824,153,1,0.999023,60.206,22.5001,95.6249
mixed_biome,42,D_RLE_NoneSparse,K_BruteForce_BFS,T_Hybrid,6,1000,7.15397,1.60359,0.781283,0.446985,153,1,0.949219,25.8859,22.5001,95.6249
mixed_biome,1234,A_None,J_JFA_GPU,T_VoxelDiscrete,6,1000,0,0,0.333557,0.306542,0,1,1,99,0,0
mixed_biome,1234,A_None,J_JFA_GPU,T_SDFSmooth,6,1000,0,0,0.344877,0.52653,0,1,1,99,0,0
mixed_biome,1234,A_None,J_JFA_GPU,T_Hybrid,6,1000,0,0,0.340938,0.307876,0,1,1,99,0,0
mixed_biome,1234,A_None,K_BruteForce_BFS,T_VoxelDiscrete,6,1000,0,0,0.335157,0.306757,0,1,1,99,0,0
mixed_biome,1234,A_None,K_BruteForce_BFS,T_SDFSmooth,6,1000,0,0,0.337897,0.410978,0,1,1,99,0,0
mixed_biome,1234,A_None,K_BruteForce_BFS,T_Hybrid,6,1000,0,0,0.332577,0.386246,0,1,1,99,0,0
mixed_biome,1234,B_R8_1byte,J_JFA_GPU,T_VoxelDiscrete,6,1000,19.1038,4.18251,0.277397,0.450291,512,1,1,99,11.2501,95.6249
mixed_biome,1234,B_R8_1byte,J_JFA_GPU,T_SDFSmooth,6,1000,21.643,31.2814,1.21407,0.610171,512,1,0.972656,31.2628,11.2501,95.6249
mixed_biome,1234,B_R8_1byte,J_JFA_GPU,T_Hybrid,6,1000,16.5894,2.90446,0.776784,0.452867,512,0.666668,0.845703,14.9412,11.2501,95.6249
mixed_biome,1234,B_R8_1byte,K_BruteForce_BFS,T_VoxelDiscrete,6,1000,6.82895,2.19984,0.303578,0.96637,512,1,1,99,11.2501,95.6249
mixed_biome,1234,B_R8_1byte,K_BruteForce_BFS,T_SDFSmooth,6,1000,6.31465,1.24156,1.64985,0.621478,512,1,0.972656,31.2628,11.2501,95.6249
mixed_biome,1234,B_R8_1byte,K_BruteForce_BFS,T_Hybrid,6,1000,7.7807,3.30683,0.779484,0.448258,512,0.666668,0.845703,14.9412,11.2501,95.6249
mixed_biome,1234,C_R8_4quant,J_JFA_GPU,T_VoxelDiscrete,6,1000,18.1182,5.42685,0.381587,0.510826,512,1,1,99,11.2501,95.6249
mixed_biome,1234,C_R8_4quant,J_JFA_GPU,T_SDFSmooth,6,1000,18.6075,3.69699,1.25663,0.888547,512,1,0.972656,31.2628,11.2501,95.6249
mixed_biome,1234,C_R8_4quant,J_JFA_GPU,T_Hybrid,6,1000,17.4215,3.89332,1.08891,0.599162,512,0.666668,0.845703,14.9412,11.2501,95.6249
mixed_biome,1234,C_R8_4quant,K_BruteForce_BFS,T_VoxelDiscrete,6,1000,7.57534,1.71275,0.329368,0.396942,512,1,1,99,11.2501,95.6249
mixed_biome,1234,C_R8_4quant,K_BruteForce_BFS,T_SDFSmooth,6,1000,6.70122,2.11304,1.23273,0.536241,512,1,0.972656,31.2628,11.2501,95.6249
mixed_biome,1234,C_R8_4quant,K_BruteForce_BFS,T_Hybrid,6,1000,7.45825,1.63102,0.824243,0.4743,512,0.666668,0.845703,14.9412,11.2501,95.6249
mixed_biome,1234,D_RLE_NoneSparse,J_JFA_GPU,T_VoxelDiscrete,6,1000,17.9093,3.82433,0.273038,0.455596,153,1,1,99,11.2501,95.6249
mixed_biome,1234,D_RLE_NoneSparse,J_JFA_GPU,T_SDFSmooth,6,1000,18.7128,4.85863,1.53158,0.712837,153,1,0.972656,31.2628,11.2501,95.6249
mixed_biome,1234,D_RLE_NoneSparse,J_JFA_GPU,T_Hybrid,6,1000,19.9322,4.64681,1.02523,0.652545,153,0.666668,0.845703,14.9412,11.2501,95.6249
mixed_biome,1234,D_RLE_NoneSparse,K_BruteForce_BFS,T_VoxelDiscrete,6,1000,6.84099,2.11866,0.336607,0.468493,153,1,1,99,11.2501,95.6249
mixed_biome,1234,D_RLE_NoneSparse,K_BruteForce_BFS,T_SDFSmooth,6,1000,7.75071,2.16552,1.20719,0.462785,153,1,0.972656,31.2628,11.2501,95.6249
mixed_biome,1234,D_RLE_NoneSparse,K_BruteForce_BFS,T_Hybrid,6,1000,7.8349,2.28125,0.820143,0.674996,153,0.666668,0.845703,14.9412,11.2501,95.6249
mixed_biome,31337,A_None,J_JFA_GPU,T_VoxelDiscrete,6,1000,0,0,0.377458,0.25205,0,0.833328,0.982422,16.5308,0,0
mixed_biome,31337,A_None,J_JFA_GPU,T_SDFSmooth,6,1000,0,0,0.386867,0.313626,0,0.833328,0.982422,16.5308,0,0
mixed_biome,31337,A_None,J_JFA_GPU,T_Hybrid,6,1000,0,0,0.381156,0.303479,0,0.833328,0.982422,16.5308,0,0
mixed_biome,31337,A_None,K_BruteForce_BFS,T_VoxelDiscrete,6,1000,0,0,0.425898,0.834691,0,0.833328,0.982422,16.5308,0,0
mixed_biome,31337,A_None,K_BruteForce_BFS,T_SDFSmooth,6,1000,0,0,0.386716,0.3498,0,0.833328,0.982422,16.5308,0,0
mixed_biome,31337,A_None,K_BruteForce_BFS,T_Hybrid,6,1000,0,0,0.408576,0.367571,0,0.833328,0.982422,16.5308,0,0
mixed_biome,31337,B_R8_1byte,J_JFA_GPU,T_VoxelDiscrete,6,1000,17.5073,4.48149,0.318247,0.474482,512,0.833328,0.982422,16.5308,11.2501,95.6249
mixed_biome,31337,B_R8_1byte,J_JFA_GPU,T_SDFSmooth,6,1000,15.6737,2.2412,1.08541,0.469313,512,1,0.999023,60.206,11.2501,95.6249
mixed_biome,31337,B_R8_1byte,J_JFA_GPU,T_Hybrid,6,1000,17.1147,3.6303,0.778614,0.532215,512,0.833328,0.974609,16.9983,11.2501,95.6249
mixed_biome,31337,B_R8_1byte,K_BruteForce_BFS,T_VoxelDiscrete,6,1000,6.93561,1.56471,0.405018,0.464317,512,0.833328,0.982422,16.5308,11.2501,95.6249
mixed_biome,31337,B_R8_1byte,K_BruteForce_BFS,T_SDFSmooth,6,1000,7.68246,2.09637,1.17144,0.520613,512,1,0.999023,60.206,11.2501,95.6249
mixed_biome,31337,B_R8_1byte,K_BruteForce_BFS,T_Hybrid,6,1000,7.2038,3.89059,0.776634,0.919493,512,0.833328,0.974609,16.9983,11.2501,95.6249
mixed_biome,31337,C_R8_4quant,J_JFA_GPU,T_VoxelDiscrete,6,1000,18.4919,3.9783,0.320737,0.51394,512,0.833328,0.982422,16.5308,11.2501,95.6249
mixed_biome,31337,C_R8_4quant,J_JFA_GPU,T_SDFSmooth,6,1000,16.2333,2.68197,1.08403,0.470424,512,1,0.999023,60.206,11.2501,95.6249
mixed_biome,31337,C_R8_4quant,J_JFA_GPU,T_Hybrid,6,1000,19.2496,4.42514,0.753803,0.500288,512,0.833328,0.974609,16.9983,11.2501,95.6249
mixed_biome,31337,C_R8_4quant,K_BruteForce_BFS,T_VoxelDiscrete,6,1000,6.87266,1.37248,0.307607,0.356219,512,0.833328,0.982422,16.5308,11.2501,95.6249
mixed_biome,31337,C_R8_4quant,K_BruteForce_BFS,T_SDFSmooth,6,1000,7.67842,2.13781,1.10736,0.401799,512,1,0.999023,60.206,11.2501,95.6249
mixed_biome,31337,C_R8_4quant,K_BruteForce_BFS,T_Hybrid,6,1000,8.68973,3.00386,0.756843,0.457831,512,0.833328,0.974609,16.9983,11.2501,95.6249
mixed_biome,31337,D_RLE_NoneSparse,J_JFA_GPU,T_VoxelDiscrete,6,1000,16.988,4.02147,0.315687,0.528009,153,0.833328,0.982422,16.5308,11.2501,95.6249
mixed_biome,31337,D_RLE_NoneSparse,J_JFA_GPU,T_SDFSmooth,6,1000,18.5586,6.05344,1.64843,1.36467,153,1,0.999023,60.206,11.2501,95.6249
mixed_biome,31337,D_RLE_NoneSparse,J_JFA_GPU,T_Hybrid,6,1000,15.2323,1.22926,0.738404,0.550231,153,0.833328,0.974609,16.9983,11.2501,95.6249
mixed_biome,31337,D_RLE_NoneSparse,K_BruteForce_BFS,T_VoxelDiscrete,6,1000,5.716,0.469929,0.311547,0.303935,153,0.833328,0.982422,16.5308,11.2501,95.6249
mixed_biome,31337,D_RLE_NoneSparse,K_BruteForce_BFS,T_SDFSmooth,6,1000,7.52405,2.14021,1.10993,0.478551,153,1,0.999023,60.206,11.2501,95.6249
mixed_biome,31337,D_RLE_NoneSparse,K_BruteForce_BFS,T_Hybrid,6,1000,6.50774,1.90888,0.820982,0.543672,153,0.833328,0.974609,16.9983,11.2501,95.6249
