strategy,scene,seed,num_units,ticks,mean_ns_per_unit_per_tick,median_ns_per_unit_per_tick,p95_ns_per_unit_per_tick,p99_ns_per_unit_per_tick,std_ns_per_unit_per_tick,total_ms,total_decisions
A_NaiveNoMemory,recon_patrol,1,8,1500,337.63,336.699,350.7,350.7,6.88917,4.76917,12000
A_NaiveNoMemory,recon_patrol,7,8,1500,298.221,298.965,301.024,301.024,2.26443,4.30293,12000
A_NaiveNoMemory,recon_patrol,42,8,1500,316.442,315.279,325.425,325.425,5.27488,4.54347,12000
A_NaiveNoMemory,recon_patrol,1234,8,1500,400.601,365.151,677.635,677.635,104.995,5.55864,12000
A_NaiveNoMemory,recon_patrol,31337,8,1500,330.574,327.225,347.431,347.431,10.2847,4.67949,12000
A_NaiveNoMemory,platoon_attack,1,32,1000,338.463,337.73,353.107,356.517,9.04276,12.9888,32000
A_NaiveNoMemory,platoon_attack,7,32,1000,293.289,292.659,305.369,310.14,7.91795,11.1327,32000
A_NaiveNoMemory,platoon_attack,42,32,1000,290.107,288.318,315.747,319.307,9.13927,11.0397,32000
A_NaiveNoMemory,platoon_attack,1234,32,1000,275.716,274.938,293.74,295.29,7.42619,10.4838,32000
A_NaiveNoMemory,platoon_attack,31337,32,1000,266.196,265.958,276.539,279.297,5.62543,10.0629,32000
A_NaiveNoMemory,company_advance,1,128,600,249.073,249.548,264.232,274.617,14.3984,23.0724,76800
A_NaiveNoMemory,company_advance,7,128,600,244.117,243.883,257.298,261.217,7.98999,22.5552,76800
A_NaiveNoMemory,company_advance,42,128,600,242.919,242.467,260.465,265.597,9.72987,22.4119,76800
A_NaiveNoMemory,company_advance,1234,128,600,232.816,232.433,250.165,253.63,10.0172,21.4936,76800
A_NaiveNoMemory,company_advance,31337,128,600,232.652,233.648,245.5,251.267,9.11574,21.4745,76800
A_NaiveNoMemory,urban_clear,1,64,800,254.739,255.213,265.249,270.161,7.16564,15.5275,51200
A_NaiveNoMemory,urban_clear,7,64,800,252.976,252.972,266.3,274.899,7.51715,15.3611,51200
A_NaiveNoMemory,urban_clear,42,64,800,250.892,249.273,262.975,265.949,6.83282,15.1716,51200
A_NaiveNoMemory,urban_clear,1234,64,800,254.861,255.363,267.124,282.799,8.72385,15.5575,51200
A_NaiveNoMemory,urban_clear,31337,64,800,259.724,259.897,275.286,279.875,8.03544,15.9073,51200
A_NaiveNoMemory,combined_arms,1,256,400,199.302,199.925,217.525,228.1,11.8693,25.4992,102400
A_NaiveNoMemory,combined_arms,7,256,400,198.904,198.775,220.597,228.575,12.3413,25.3902,102400
A_NaiveNoMemory,combined_arms,42,256,400,210.651,210.3,239.625,247.472,15.5772,26.8234,102400
A_NaiveNoMemory,combined_arms,1234,256,400,209.121,208.875,232.97,242.347,13.9531,26.7105,102400
A_NaiveNoMemory,combined_arms,31337,256,400,193.731,193.197,215.525,229.4,13.7116,24.5714,102400
B_BT_RunningMemory,recon_patrol,1,8,1500,283.42,282.787,289.658,289.658,3.9069,3.99306,12000
B_BT_RunningMemory,recon_patrol,7,8,1500,276.539,277.873,282.985,282.985,3.80822,3.86207,12000
B_BT_RunningMemory,recon_patrol,42,8,1500,278.363,280.805,282.711,282.711,4.00158,3.88893,12000
B_BT_RunningMemory,recon_patrol,1234,8,1500,278.733,279.753,284.119,284.119,4.67127,3.89731,12000
B_BT_RunningMemory,recon_patrol,31337,8,1500,279.713,283.285,284.845,284.845,4.54676,3.939,12000
B_BT_RunningMemory,platoon_attack,1,32,1000,262.737,263.48,272.85,275.928,6.43852,9.87463,32000
B_BT_RunningMemory,platoon_attack,7,32,1000,264.036,263.778,272.377,273.06,5.55032,9.9326,32000
B_BT_RunningMemory,platoon_attack,42,32,1000,262.847,263.549,272.469,274.778,6.13544,9.85084,32000
B_BT_RunningMemory,platoon_attack,1234,32,1000,266.965,267.49,278.948,279.779,6.05089,10.1052,32000
B_BT_RunningMemory,platoon_attack,31337,32,1000,267.906,267.299,281.65,282.778,6.21511,10.1221,32000
B_BT_RunningMemory,company_advance,1,128,600,236.414,236.732,254.9,263.767,10.3668,21.8362,76800
B_BT_RunningMemory,company_advance,7,128,600,234.692,233.983,246.867,252.4,7.79978,21.6236,76800
B_BT_RunningMemory,company_advance,42,128,600,235.535,235.95,250.083,259.082,8.87878,21.7285,76800
B_BT_RunningMemory,company_advance,1234,128,600,236.706,236.95,254.098,258.882,10.0183,21.8559,76800
B_BT_RunningMemory,company_advance,31337,128,600,235.209,236.363,247.232,253.832,8.94244,21.6749,76800
B_BT_RunningMemory,urban_clear,1,64,800,253.102,254.149,264.137,268.286,6.73502,15.3315,51200
B_BT_RunningMemory,urban_clear,7,64,800,257.189,256.887,270.85,274.749,7.4113,15.6615,51200
B_BT_RunningMemory,urban_clear,42,64,800,253.179,252.111,265.549,270.812,7.24107,15.2833,51200
B_BT_RunningMemory,urban_clear,1234,64,800,254.902,254.224,268.788,274.774,8.77447,15.4872,51200
B_BT_RunningMemory,urban_clear,31337,64,800,253.157,252.85,265.674,285.536,8.56248,15.3209,51200
B_BT_RunningMemory,combined_arms,1,256,400,207.182,208.32,227.575,237.75,13.4162,26.2568,102400
B_BT_RunningMemory,combined_arms,7,256,400,205.542,205.475,225.775,239.075,12.8653,26.2068,102400
B_BT_RunningMemory,combined_arms,42,256,400,203.34,201.5,222.298,226.175,36.6482,25.7883,102400
B_BT_RunningMemory,combined_arms,1234,256,400,200.498,200.55,221.575,231.65,13.219,25.576,102400
B_BT_RunningMemory,combined_arms,31337,256,400,205.554,204.972,228.72,239.15,13.7284,26.3898,102400
C_Hierarchical_3Tier,recon_patrol,1,8,1500,285.061,285.061,285.061,285.061,0,3.80906,1500
C_Hierarchical_3Tier,recon_patrol,7,8,1500,286.254,286.254,286.254,286.254,0,3.83701,1500
C_Hierarchical_3Tier,recon_patrol,42,8,1500,283.547,283.547,283.547,283.547,0,3.79254,1500
C_Hierarchical_3Tier,recon_patrol,1234,8,1500,286.068,286.068,286.068,286.068,0,3.84958,1500
C_Hierarchical_3Tier,recon_patrol,31337,8,1500,335.683,335.683,335.683,335.683,0,4.52431,1500
C_Hierarchical_3Tier,platoon_attack,1,32,1000,280.724,280.724,280.724,280.724,1.13687e-13,10.2348,1000
C_Hierarchical_3Tier,platoon_attack,7,32,1000,264.156,264.156,264.156,264.156,1.13687e-13,9.45456,1000
C_Hierarchical_3Tier,platoon_attack,42,32,1000,264.651,264.651,264.651,264.651,0,9.42736,1000
C_Hierarchical_3Tier,platoon_attack,1234,32,1000,270.467,270.467,270.467,270.467,5.68434e-14,9.72923,1000
C_Hierarchical_3Tier,platoon_attack,31337,32,1000,284.914,284.914,284.914,284.914,5.68434e-14,10.3652,1000
C_Hierarchical_3Tier,company_advance,1,128,600,252.103,252.103,252.103,252.103,3.97904e-13,22.3537,600
C_Hierarchical_3Tier,company_advance,7,128,600,237.74,237.74,237.74,237.74,3.97904e-13,20.6997,600
C_Hierarchical_3Tier,company_advance,42,128,600,260.127,260.127,260.127,260.127,3.41061e-13,22.684,600
C_Hierarchical_3Tier,company_advance,1234,128,600,252.698,252.698,252.698,252.698,6.82121e-13,22.1567,600
C_Hierarchical_3Tier,company_advance,31337,128,600,243.91,243.91,243.91,243.91,8.52651e-13,21.2714,600
C_Hierarchical_3Tier,urban_clear,1,64,800,265.263,265.263,265.263,265.263,1.13687e-13,15.3857,800
C_Hierarchical_3Tier,urban_clear,7,64,800,284.528,284.528,284.528,284.528,1.13687e-13,16.3198,800
C_Hierarchical_3Tier,urban_clear,42,64,800,290.87,290.87,290.87,290.87,1.13687e-13,16.813,800
C_Hierarchical_3Tier,urban_clear,1234,64,800,274.719,274.719,274.719,274.719,2.27374e-13,15.7885,800
C_Hierarchical_3Tier,urban_clear,31337,64,800,252.751,252.751,252.751,252.751,5.68434e-14,14.4819,800
C_Hierarchical_3Tier,combined_arms,1,256,400,198.028,198.028,198.028,198.028,7.38964e-13,23.4587,400
C_Hierarchical_3Tier,combined_arms,7,256,400,208.283,208.283,208.283,208.283,4.54747e-13,24.7557,400
C_Hierarchical_3Tier,combined_arms,42,256,400,210.268,210.268,210.268,210.268,8.2423e-13,24.8998,400
C_Hierarchical_3Tier,combined_arms,1234,256,400,196.336,196.336,196.336,196.336,4.54747e-13,23.2001,400
C_Hierarchical_3Tier,combined_arms,31337,256,400,195.652,195.652,195.652,195.652,4.54747e-13,23.1108,400
D_EventDriven,recon_patrol,1,8,1500,255.872,257.419,260.957,260.957,3.10532,3.63769,12000
D_EventDriven,recon_patrol,7,8,1500,259.858,262.225,263.605,263.605,4.06334,3.7207,12000
D_EventDriven,recon_patrol,42,8,1500,262.349,264.452,266.919,266.919,3.16231,3.76494,12000
D_EventDriven,recon_patrol,1234,8,1500,277.448,277.093,286.585,286.585,6.12463,4.05609,12000
D_EventDriven,recon_patrol,31337,8,1500,258.648,261.56,267.917,267.917,5.76639,3.67679,12000
D_EventDriven,platoon_attack,1,32,1000,248.007,248.36,258.187,261.48,5.91671,9.58432,32000
D_EventDriven,platoon_attack,7,32,1000,251.43,251,264.909,271.526,7.81734,9.63749,32000
D_EventDriven,platoon_attack,42,32,1000,272.976,272.34,280.909,341.71,13.5176,10.4113,32000
D_EventDriven,platoon_attack,1234,32,1000,267.91,267.839,276.538,289.057,6.62202,10.2225,32000
D_EventDriven,platoon_attack,31337,32,1000,250.802,248.98,262.31,263.919,6.57621,9.57589,32000
D_EventDriven,company_advance,1,128,600,233.88,229.383,247.667,257.817,49.6171,21.963,76800
D_EventDriven,company_advance,7,128,600,213.212,213.7,225.633,230.982,7.51827,20.0013,76800
D_EventDriven,company_advance,42,128,600,223.299,223.748,241.713,253.697,10.767,20.965,76800
D_EventDriven,company_advance,1234,128,600,223.991,223.147,240.483,246.982,10.5249,21.1309,76800
D_EventDriven,company_advance,31337,128,600,220.577,221.3,233.415,244.382,9.18735,20.9783,76800
D_EventDriven,urban_clear,1,64,800,255.619,256.188,270.087,272.249,7.39395,15.9173,51200
D_EventDriven,urban_clear,7,64,800,257.526,257.311,271.075,277.561,6.8825,16.0314,51200
D_EventDriven,urban_clear,42,64,800,237.286,236.548,248.097,252.988,6.79513,14.7181,51200
D_EventDriven,urban_clear,1234,64,800,242.306,236.148,249.287,664.07,53.7377,14.9154,51200
D_EventDriven,urban_clear,31337,64,800,236.334,235.572,251.425,255.674,7.85896,14.641,51200
D_EventDriven,combined_arms,1,256,400,191.002,189.998,210.975,247.525,15.0331,24.8273,102400
D_EventDriven,combined_arms,7,256,400,175.264,174.85,196.945,203.3,11.9711,22.7382,102400
D_EventDriven,combined_arms,42,256,400,175.91,175.445,196.3,206.373,11.6376,22.8183,102400
D_EventDriven,combined_arms,1234,256,400,179.127,180.1,198.975,213.222,12.7827,23.2901,102400
D_EventDriven,combined_arms,31337,256,400,176.062,176,197,206.298,12.3794,22.8657,102400
E_Blackboard,recon_patrol,1,8,1500,256.009,255.665,264.799,264.799,3.69327,3.61578,12000
E_Blackboard,recon_patrol,7,8,1500,260.096,260.899,264.79,264.79,3.74064,3.70663,12000
E_Blackboard,recon_patrol,42,8,1500,259.565,261.659,265.357,265.357,4.31353,3.69201,12000
E_Blackboard,recon_patrol,1234,8,1500,255.205,257.525,261.447,261.447,5.78316,3.6082,12000
E_Blackboard,recon_patrol,31337,8,1500,255.875,257.626,263.251,263.251,5.23255,3.61849,12000
E_Blackboard,platoon_attack,1,32,1000,241.605,242.289,250.619,253.448,5.29845,9.19694,32000
E_Blackboard,platoon_attack,7,32,1000,240.506,240.879,250.339,251.735,6.3249,9.12873,32000
E_Blackboard,platoon_attack,42,32,1000,245.554,246.418,256.908,256.98,6.18901,9.35095,32000
E_Blackboard,platoon_attack,1234,32,1000,241.512,243.118,250.119,257.75,5.90587,9.17779,32000
E_Blackboard,platoon_attack,31337,32,1000,245.82,245.559,258.019,258.229,6.11224,9.37604,32000
E_Blackboard,company_advance,1,128,600,216.811,216.548,233.25,242.297,9.58681,20.264,76800
E_Blackboard,company_advance,7,128,600,216.681,216.533,229.517,235.198,7.87597,20.2314,76800
E_Blackboard,company_advance,42,128,600,216.93,216.917,231.998,236.05,8.64059,20.2209,76800
E_Blackboard,company_advance,1234,128,600,219.842,220.117,235.797,245.548,9.79669,20.5823,76800
E_Blackboard,company_advance,31337,128,600,220.765,221.2,233.5,242.217,8.7369,20.6067,76800
E_Blackboard,urban_clear,1,64,800,235.392,235.56,250.236,259.161,7.63984,14.4568,51200
E_Blackboard,urban_clear,7,64,800,232.158,232.425,244.224,245.45,6.56301,14.2229,51200
E_Blackboard,urban_clear,42,64,800,232.396,231.285,243.785,248.463,6.55862,14.2173,51200
E_Blackboard,urban_clear,1234,64,800,235.808,234.963,249.299,262.349,8.81119,14.5052,51200
E_Blackboard,urban_clear,31337,64,800,233.54,233.072,245.062,253.449,7.05302,14.3511,51200
E_Blackboard,combined_arms,1,256,400,182.137,182.7,200.947,212.425,12.3612,23.5115,102400
E_Blackboard,combined_arms,7,256,400,203.01,202.898,227.22,236.972,13.7612,26.3593,102400
E_Blackboard,combined_arms,42,256,400,198.016,197.7,219.5,236.875,13.3842,25.7004,102400
E_Blackboard,combined_arms,1234,256,400,189.319,189.325,210.197,218.673,12.9116,24.6357,102400
E_Blackboard,combined_arms,31337,256,400,179.813,179.998,201.575,213.175,13.0824,23.1989,102400
