Strategy,Scenario,TickRate,Seed,StepTimeNs,Stability,TrajError
A_MomentumTheory_LOD,hover_stability,20,0,83.00,1,46.5770
A_MomentumTheory_LOD,hover_stability,20,1,78.90,1,40.1288
A_MomentumTheory_LOD,hover_stability,20,2,78.55,1,36.6809
A_MomentumTheory_LOD,hover_stability,20,3,77.70,1,33.0762
A_MomentumTheory_LOD,hover_stability,20,4,79.45,1,31.5564
A_MomentumTheory_LOD,forward_flight,20,0,93.85,0,999999.9000
A_MomentumTheory_LOD,forward_flight,20,1,86.24,0,999999.9000
A_MomentumTheory_LOD,forward_flight,20,2,85.65,0,999999.9000
A_MomentumTheory_LOD,forward_flight,20,3,84.27,0,999999.9000
A_MomentumTheory_LOD,forward_flight,20,4,84.43,0,999999.9000
A_MomentumTheory_LOD,vortex_ring_state,20,0,78.00,1,94.6106
A_MomentumTheory_LOD,vortex_ring_state,20,1,82.65,1,94.6106
A_MomentumTheory_LOD,vortex_ring_state,20,2,88.05,1,94.6106
A_MomentumTheory_LOD,vortex_ring_state,20,3,82.85,1,94.6106
A_MomentumTheory_LOD,vortex_ring_state,20,4,77.50,1,94.6106
A_MomentumTheory_LOD,autorotation,20,0,75.60,1,83.7009
A_MomentumTheory_LOD,autorotation,20,1,76.35,1,83.7009
A_MomentumTheory_LOD,autorotation,20,2,77.75,1,83.7009
A_MomentumTheory_LOD,autorotation,20,3,76.70,1,83.7009
A_MomentumTheory_LOD,autorotation,20,4,75.85,1,83.7009
A_MomentumTheory_LOD,cyclic_maneuver,20,0,80.35,1,38.7363
A_MomentumTheory_LOD,cyclic_maneuver,20,1,80.10,1,38.7363
A_MomentumTheory_LOD,cyclic_maneuver,20,2,80.80,1,38.7363
A_MomentumTheory_LOD,cyclic_maneuver,20,3,83.80,1,38.7363
A_MomentumTheory_LOD,cyclic_maneuver,20,4,78.95,1,38.7363
B_BladeElement_2Blades,hover_stability,20,0,361.43,0,999999.9000
B_BladeElement_2Blades,hover_stability,20,1,294.00,0,999999.9000
B_BladeElement_2Blades,hover_stability,20,2,302.27,0,999999.9000
B_BladeElement_2Blades,hover_stability,20,3,250.00,0,999999.9000
B_BladeElement_2Blades,hover_stability,20,4,240.45,0,999999.9000
B_BladeElement_2Blades,forward_flight,20,0,281.25,0,999999.9000
B_BladeElement_2Blades,forward_flight,20,1,272.67,0,999999.9000
B_BladeElement_2Blades,forward_flight,20,2,254.38,0,999999.9000
B_BladeElement_2Blades,forward_flight,20,3,256.32,0,999999.9000
B_BladeElement_2Blades,forward_flight,20,4,262.50,0,999999.9000
B_BladeElement_2Blades,vortex_ring_state,20,0,226.65,1,58.6524
B_BladeElement_2Blades,vortex_ring_state,20,1,217.54,1,58.6524
B_BladeElement_2Blades,vortex_ring_state,20,2,227.25,1,58.6524
B_BladeElement_2Blades,vortex_ring_state,20,3,218.65,1,58.6524
B_BladeElement_2Blades,vortex_ring_state,20,4,275.85,1,58.6524
B_BladeElement_2Blades,autorotation,20,0,209.65,1,24.9357
B_BladeElement_2Blades,autorotation,20,1,207.70,1,24.9357
B_BladeElement_2Blades,autorotation,20,2,216.90,1,24.9357
B_BladeElement_2Blades,autorotation,20,3,206.50,1,24.9357
B_BladeElement_2Blades,autorotation,20,4,205.55,1,24.9357
B_BladeElement_2Blades,cyclic_maneuver,20,0,238.24,0,999999.9000
B_BladeElement_2Blades,cyclic_maneuver,20,1,219.73,0,999999.9000
B_BladeElement_2Blades,cyclic_maneuver,20,2,208.65,0,999999.9000
B_BladeElement_2Blades,cyclic_maneuver,20,3,200.81,0,999999.9000
B_BladeElement_2Blades,cyclic_maneuver,20,4,199.46,0,999999.9000
C_BladeElement_4Blades,hover_stability,20,0,365.00,0,999999.9000
C_BladeElement_4Blades,hover_stability,20,1,359.38,0,999999.9000
C_BladeElement_4Blades,hover_stability,20,2,306.00,0,999999.9000
C_BladeElement_4Blades,hover_stability,20,3,303.33,0,999999.9000
C_BladeElement_4Blades,hover_stability,20,4,293.33,0,999999.9000
C_BladeElement_4Blades,forward_flight,20,0,462.22,0,999999.9000
C_BladeElement_4Blades,forward_flight,20,1,468.75,0,999999.9000
C_BladeElement_4Blades,forward_flight,20,2,421.11,0,999999.9000
C_BladeElement_4Blades,forward_flight,20,3,418.89,0,999999.9000
C_BladeElement_4Blades,forward_flight,20,4,395.56,0,999999.9000
C_BladeElement_4Blades,vortex_ring_state,20,0,340.70,1,65.4215
C_BladeElement_4Blades,vortex_ring_state,20,1,377.15,1,65.4215
C_BladeElement_4Blades,vortex_ring_state,20,2,401.50,1,65.4215
C_BladeElement_4Blades,vortex_ring_state,20,3,388.55,1,65.4215
C_BladeElement_4Blades,vortex_ring_state,20,4,477.10,1,65.4215
C_BladeElement_4Blades,autorotation,20,0,460.39,1,30.7879
C_BladeElement_4Blades,autorotation,20,1,365.60,1,30.7879
C_BladeElement_4Blades,autorotation,20,2,294.60,1,30.7879
C_BladeElement_4Blades,autorotation,20,3,291.50,1,30.7879
C_BladeElement_4Blades,autorotation,20,4,306.20,1,30.7879
C_BladeElement_4Blades,cyclic_maneuver,20,0,325.36,0,999999.9000
C_BladeElement_4Blades,cyclic_maneuver,20,1,310.25,0,999999.9000
C_BladeElement_4Blades,cyclic_maneuver,20,2,291.12,0,999999.9000
C_BladeElement_4Blades,cyclic_maneuver,20,3,283.12,0,999999.9000
C_BladeElement_4Blades,cyclic_maneuver,20,4,281.75,0,999999.9000
D_BladeElement_4Blades_Flapping,hover_stability,20,0,1818.75,0,999999.9000
D_BladeElement_4Blades_Flapping,hover_stability,20,1,1632.50,0,999999.9000
D_BladeElement_4Blades_Flapping,hover_stability,20,2,1618.75,0,999999.9000
D_BladeElement_4Blades_Flapping,hover_stability,20,3,1597.50,0,999999.9000
D_BladeElement_4Blades_Flapping,hover_stability,20,4,1520.00,0,999999.9000
D_BladeElement_4Blades_Flapping,forward_flight,20,0,2140.00,0,999999.9000
D_BladeElement_4Blades_Flapping,forward_flight,20,1,1786.67,0,999999.9000
D_BladeElement_4Blades_Flapping,forward_flight,20,2,1885.00,0,999999.9000
D_BladeElement_4Blades_Flapping,forward_flight,20,3,1556.67,0,999999.9000
D_BladeElement_4Blades_Flapping,forward_flight,20,4,1712.50,0,999999.9000
D_BladeElement_4Blades_Flapping,vortex_ring_state,20,0,1723.75,0,999999.9000
D_BladeElement_4Blades_Flapping,vortex_ring_state,20,1,1503.62,0,999999.9000
D_BladeElement_4Blades_Flapping,vortex_ring_state,20,2,1428.75,0,999999.9000
D_BladeElement_4Blades_Flapping,vortex_ring_state,20,3,1416.25,0,999999.9000
D_BladeElement_4Blades_Flapping,vortex_ring_state,20,4,1412.50,0,999999.9000
D_BladeElement_4Blades_Flapping,autorotation,20,0,1565.71,0,999999.9000
D_BladeElement_4Blades_Flapping,autorotation,20,1,1376.43,0,999999.9000
D_BladeElement_4Blades_Flapping,autorotation,20,2,1338.57,0,999999.9000
D_BladeElement_4Blades_Flapping,autorotation,20,3,1330.71,0,999999.9000
D_BladeElement_4Blades_Flapping,autorotation,20,4,1327.86,0,999999.9000
D_BladeElement_4Blades_Flapping,cyclic_maneuver,20,0,1545.45,0,999999.9000
D_BladeElement_4Blades_Flapping,cyclic_maneuver,20,1,1324.55,0,999999.9000
D_BladeElement_4Blades_Flapping,cyclic_maneuver,20,2,1296.36,0,999999.9000
D_BladeElement_4Blades_Flapping,cyclic_maneuver,20,3,1286.36,0,999999.9000
D_BladeElement_4Blades_Flapping,cyclic_maneuver,20,4,1290.00,0,999999.9000
E_Vectorized_Helicopters,hover_stability,20,0,1480.11,0,999999.9000
E_Vectorized_Helicopters,hover_stability,20,1,1482.12,0,999999.9000
E_Vectorized_Helicopters,hover_stability,20,2,1425.86,0,999999.9000
E_Vectorized_Helicopters,hover_stability,20,3,1406.38,0,999999.9000
E_Vectorized_Helicopters,hover_stability,20,4,1415.36,0,999999.9000
E_Vectorized_Helicopters,forward_flight,20,0,1500.33,0,999999.9000
E_Vectorized_Helicopters,forward_flight,20,1,1417.33,0,999999.9000
E_Vectorized_Helicopters,forward_flight,20,2,1420.33,0,999999.9000
E_Vectorized_Helicopters,forward_flight,20,3,1501.00,0,999999.9000
E_Vectorized_Helicopters,forward_flight,20,4,1420.30,0,999999.9000
E_Vectorized_Helicopters,vortex_ring_state,20,0,1523.62,0,999999.9000
E_Vectorized_Helicopters,vortex_ring_state,20,1,1495.49,0,999999.9000
E_Vectorized_Helicopters,vortex_ring_state,20,2,1545.00,0,999999.9000
E_Vectorized_Helicopters,vortex_ring_state,20,3,1485.11,0,999999.9000
E_Vectorized_Helicopters,vortex_ring_state,20,4,1478.00,0,999999.9000
E_Vectorized_Helicopters,autorotation,20,0,1408.49,0,999999.9000
E_Vectorized_Helicopters,autorotation,20,1,1389.49,0,999999.9000
E_Vectorized_Helicopters,autorotation,20,2,1410.92,0,999999.9000
E_Vectorized_Helicopters,autorotation,20,3,1472.29,0,999999.9000
E_Vectorized_Helicopters,autorotation,20,4,1391.92,0,999999.9000
E_Vectorized_Helicopters,cyclic_maneuver,20,0,1430.26,0,999999.9000
E_Vectorized_Helicopters,cyclic_maneuver,20,1,1397.18,0,999999.9000
E_Vectorized_Helicopters,cyclic_maneuver,20,2,1398.45,0,999999.9000
E_Vectorized_Helicopters,cyclic_maneuver,20,3,1397.08,0,999999.9000
E_Vectorized_Helicopters,cyclic_maneuver,20,4,1436.91,0,999999.9000
A_MomentumTheory_LOD,hover_stability,60,0,81.15,1,46.6158
A_MomentumTheory_LOD,hover_stability,60,1,79.06,1,40.1640
A_MomentumTheory_LOD,hover_stability,60,2,77.90,1,36.7282
A_MomentumTheory_LOD,hover_stability,60,3,79.52,1,33.1218
A_MomentumTheory_LOD,hover_stability,60,4,81.30,1,31.6097
A_MomentumTheory_LOD,forward_flight,60,0,87.19,0,999999.9000
A_MomentumTheory_LOD,forward_flight,60,1,83.56,0,999999.9000
A_MomentumTheory_LOD,forward_flight,60,2,82.80,0,999999.9000
A_MomentumTheory_LOD,forward_flight,60,3,82.97,0,999999.9000
A_MomentumTheory_LOD,forward_flight,60,4,83.26,0,999999.9000
A_MomentumTheory_LOD,vortex_ring_state,60,0,77.56,1,95.3585
A_MomentumTheory_LOD,vortex_ring_state,60,1,79.52,1,95.3585
A_MomentumTheory_LOD,vortex_ring_state,60,2,78.47,1,95.3585
A_MomentumTheory_LOD,vortex_ring_state,60,3,78.57,1,95.3585
A_MomentumTheory_LOD,vortex_ring_state,60,4,91.72,1,95.3585
A_MomentumTheory_LOD,autorotation,60,0,76.05,1,83.6166
A_MomentumTheory_LOD,autorotation,60,1,76.43,1,83.6166
A_MomentumTheory_LOD,autorotation,60,2,76.43,1,83.6166
A_MomentumTheory_LOD,autorotation,60,3,77.72,1,83.6166
A_MomentumTheory_LOD,autorotation,60,4,76.15,1,83.6166
A_MomentumTheory_LOD,cyclic_maneuver,60,0,80.05,1,34.8424
A_MomentumTheory_LOD,cyclic_maneuver,60,1,77.97,1,34.8424
A_MomentumTheory_LOD,cyclic_maneuver,60,2,77.72,1,34.8424
A_MomentumTheory_LOD,cyclic_maneuver,60,3,78.68,1,34.8424
A_MomentumTheory_LOD,cyclic_maneuver,60,4,87.20,1,34.8424
B_BladeElement_2Blades,hover_stability,60,0,235.91,0,999999.9000
B_BladeElement_2Blades,hover_stability,60,1,223.61,0,999999.9000
B_BladeElement_2Blades,hover_stability,60,2,221.25,0,999999.9000
B_BladeElement_2Blades,hover_stability,60,3,218.74,0,999999.9000
B_BladeElement_2Blades,hover_stability,60,4,243.25,0,999999.9000
B_BladeElement_2Blades,forward_flight,60,0,225.47,0,999999.9000
B_BladeElement_2Blades,forward_flight,60,1,222.37,0,999999.9000
B_BladeElement_2Blades,forward_flight,60,2,221.81,0,999999.9000
B_BladeElement_2Blades,forward_flight,60,3,222.68,0,999999.9000
B_BladeElement_2Blades,forward_flight,60,4,225.81,0,999999.9000
B_BladeElement_2Blades,vortex_ring_state,60,0,215.41,1,59.0640
B_BladeElement_2Blades,vortex_ring_state,60,1,215.72,1,59.0640
B_BladeElement_2Blades,vortex_ring_state,60,2,244.50,1,59.0640
B_BladeElement_2Blades,vortex_ring_state,60,3,215.48,1,59.0640
B_BladeElement_2Blades,vortex_ring_state,60,4,218.27,1,59.0640
B_BladeElement_2Blades,autorotation,60,0,206.55,1,25.1196
B_BladeElement_2Blades,autorotation,60,1,209.05,1,25.1196
B_BladeElement_2Blades,autorotation,60,2,217.48,1,25.1196
B_BladeElement_2Blades,autorotation,60,3,207.23,1,25.1196
B_BladeElement_2Blades,autorotation,60,4,206.75,1,25.1196
B_BladeElement_2Blades,cyclic_maneuver,60,0,212.80,1,63.3204
B_BladeElement_2Blades,cyclic_maneuver,60,1,206.35,1,63.3204
B_BladeElement_2Blades,cyclic_maneuver,60,2,205.95,1,63.3204
B_BladeElement_2Blades,cyclic_maneuver,60,3,213.65,1,63.3204
B_BladeElement_2Blades,cyclic_maneuver,60,4,204.03,1,63.3204
C_BladeElement_4Blades,hover_stability,60,0,449.05,0,999999.9000
C_BladeElement_4Blades,hover_stability,60,1,322.70,0,999999.9000
C_BladeElement_4Blades,hover_stability,60,2,312.53,0,999999.9000
C_BladeElement_4Blades,hover_stability,60,3,309.69,0,999999.9000
C_BladeElement_4Blades,hover_stability,60,4,304.17,0,999999.9000
C_BladeElement_4Blades,forward_flight,60,0,331.43,0,999999.9000
C_BladeElement_4Blades,forward_flight,60,1,323.80,0,999999.9000
C_BladeElement_4Blades,forward_flight,60,2,327.75,0,999999.9000
C_BladeElement_4Blades,forward_flight,60,3,322.50,0,999999.9000
C_BladeElement_4Blades,forward_flight,60,4,310.53,0,999999.9000
C_BladeElement_4Blades,vortex_ring_state,60,0,299.53,1,65.0610
C_BladeElement_4Blades,vortex_ring_state,60,1,300.33,1,65.0610
C_BladeElement_4Blades,vortex_ring_state,60,2,299.55,1,65.0610
C_BladeElement_4Blades,vortex_ring_state,60,3,299.03,1,65.0610
C_BladeElement_4Blades,vortex_ring_state,60,4,312.46,1,65.0610
C_BladeElement_4Blades,autorotation,60,0,289.27,1,30.7467
C_BladeElement_4Blades,autorotation,60,1,339.06,1,30.7467
C_BladeElement_4Blades,autorotation,60,2,292.88,1,30.7467
C_BladeElement_4Blades,autorotation,60,3,290.05,1,30.7467
C_BladeElement_4Blades,autorotation,60,4,288.21,1,30.7467
C_BladeElement_4Blades,cyclic_maneuver,60,0,298.17,1,47.2809
C_BladeElement_4Blades,cyclic_maneuver,60,1,291.12,1,47.2809
C_BladeElement_4Blades,cyclic_maneuver,60,2,286.78,1,47.2809
C_BladeElement_4Blades,cyclic_maneuver,60,3,288.95,1,47.2809
C_BladeElement_4Blades,cyclic_maneuver,60,4,291.10,1,47.2809
D_BladeElement_4Blades_Flapping,hover_stability,60,0,1427.81,1,10.2301
D_BladeElement_4Blades_Flapping,hover_stability,60,1,1443.13,1,7.7185
D_BladeElement_4Blades_Flapping,hover_stability,60,2,1341.36,1,10.6153
D_BladeElement_4Blades_Flapping,hover_stability,60,3,1350.03,0,999999.9000
D_BladeElement_4Blades_Flapping,hover_stability,60,4,1344.58,1,8.4130
D_BladeElement_4Blades_Flapping,forward_flight,60,0,1272.68,1,8.8825
D_BladeElement_4Blades_Flapping,forward_flight,60,1,1263.66,1,2.4642
D_BladeElement_4Blades_Flapping,forward_flight,60,2,1324.11,1,3.3097
D_BladeElement_4Blades_Flapping,forward_flight,60,3,1327.85,1,10.3291
D_BladeElement_4Blades_Flapping,forward_flight,60,4,1289.76,1,10.1684
D_BladeElement_4Blades_Flapping,vortex_ring_state,60,0,1328.41,1,8.8067
D_BladeElement_4Blades_Flapping,vortex_ring_state,60,1,1338.09,1,8.8067
D_BladeElement_4Blades_Flapping,vortex_ring_state,60,2,1311.13,1,8.8067
D_BladeElement_4Blades_Flapping,vortex_ring_state,60,3,1330.89,1,8.8067
D_BladeElement_4Blades_Flapping,vortex_ring_state,60,4,1425.59,1,8.8067
D_BladeElement_4Blades_Flapping,autorotation,60,0,1273.53,1,1.1229
D_BladeElement_4Blades_Flapping,autorotation,60,1,1280.44,1,1.1229
D_BladeElement_4Blades_Flapping,autorotation,60,2,1413.81,1,1.1229
D_BladeElement_4Blades_Flapping,autorotation,60,3,1258.99,1,1.1229
D_BladeElement_4Blades_Flapping,autorotation,60,4,1266.86,1,1.1229
D_BladeElement_4Blades_Flapping,cyclic_maneuver,60,0,1311.90,1,6.5179
D_BladeElement_4Blades_Flapping,cyclic_maneuver,60,1,1310.36,1,6.5179
D_BladeElement_4Blades_Flapping,cyclic_maneuver,60,2,1290.85,1,6.5179
D_BladeElement_4Blades_Flapping,cyclic_maneuver,60,3,1659.36,1,6.5179
D_BladeElement_4Blades_Flapping,cyclic_maneuver,60,4,1300.81,1,6.5179
E_Vectorized_Helicopters,hover_stability,60,0,1427.95,1,9.7109
E_Vectorized_Helicopters,hover_stability,60,1,1631.38,1,7.6626
E_Vectorized_Helicopters,hover_stability,60,2,1539.27,1,10.2438
E_Vectorized_Helicopters,hover_stability,60,3,1415.98,0,999999.9000
E_Vectorized_Helicopters,hover_stability,60,4,1463.01,1,8.0843
E_Vectorized_Helicopters,forward_flight,60,0,1364.96,1,9.0642
E_Vectorized_Helicopters,forward_flight,60,1,1387.99,1,2.0907
E_Vectorized_Helicopters,forward_flight,60,2,1372.78,1,3.4007
E_Vectorized_Helicopters,forward_flight,60,3,1356.88,1,10.1449
E_Vectorized_Helicopters,forward_flight,60,4,1409.87,1,10.2450
E_Vectorized_Helicopters,vortex_ring_state,60,0,1378.81,1,9.1534
E_Vectorized_Helicopters,vortex_ring_state,60,1,1432.83,1,9.1534
E_Vectorized_Helicopters,vortex_ring_state,60,2,1434.11,1,9.1534
E_Vectorized_Helicopters,vortex_ring_state,60,3,1393.13,1,9.1534
E_Vectorized_Helicopters,vortex_ring_state,60,4,1393.06,1,9.1534
E_Vectorized_Helicopters,autorotation,60,0,1365.73,1,1.1229
E_Vectorized_Helicopters,autorotation,60,1,1417.24,1,1.1229
E_Vectorized_Helicopters,autorotation,60,2,1365.56,1,1.1229
E_Vectorized_Helicopters,autorotation,60,3,1416.11,1,1.1229
E_Vectorized_Helicopters,autorotation,60,4,1409.55,1,1.1229
E_Vectorized_Helicopters,cyclic_maneuver,60,0,1509.49,1,6.5179
E_Vectorized_Helicopters,cyclic_maneuver,60,1,1574.41,1,6.5179
E_Vectorized_Helicopters,cyclic_maneuver,60,2,1420.80,1,6.5179
E_Vectorized_Helicopters,cyclic_maneuver,60,3,1446.03,1,6.5179
E_Vectorized_Helicopters,cyclic_maneuver,60,4,1436.38,1,6.5179
