strategy,scene,seed,psnr_density_db,match_rate,time_us
A_PerVoxel,flat_plains,1,100.000000,1.000000,37.662960
A_PerVoxel,flat_plains,7,100.000000,1.000000,61.054860
A_PerVoxel,flat_plains,42,100.000000,1.000000,49.320020
A_PerVoxel,flat_plains,1234,100.000000,1.000000,52.826100
A_PerVoxel,flat_plains,31337,100.000000,1.000000,51.425300
A_PerVoxel,rolling_hills,1,100.000000,1.000000,60.676670
A_PerVoxel,rolling_hills,7,100.000000,1.000000,53.896500
A_PerVoxel,rolling_hills,42,100.000000,1.000000,55.229090
A_PerVoxel,rolling_hills,1234,100.000000,1.000000,53.006200
A_PerVoxel,rolling_hills,31337,100.000000,1.000000,47.292220
A_PerVoxel,mountains,1,100.000000,1.000000,53.662600
A_PerVoxel,mountains,7,100.000000,1.000000,49.602020
A_PerVoxel,mountains,42,100.000000,1.000000,93.205550
A_PerVoxel,mountains,1234,100.000000,1.000000,71.490130
A_PerVoxel,mountains,31337,100.000000,1.000000,49.931710
A_PerVoxel,cave_system,1,100.000000,1.000000,48.751720
A_PerVoxel,cave_system,7,100.000000,1.000000,68.387830
A_PerVoxel,cave_system,42,100.000000,1.000000,43.316440
A_PerVoxel,cave_system,1234,100.000000,1.000000,45.962420
A_PerVoxel,cave_system,31337,100.000000,1.000000,38.698650
A_PerVoxel,island,1,100.000000,1.000000,39.828750
A_PerVoxel,island,7,100.000000,1.000000,33.962170
A_PerVoxel,island,42,100.000000,1.000000,37.654860
A_PerVoxel,island,1234,100.000000,1.000000,59.108280
A_PerVoxel,island,31337,100.000000,1.000000,47.390720
B_Trilerp_2,flat_plains,1,12.987610,1.000000,1.067490
B_Trilerp_2,flat_plains,7,17.052687,0.593750,0.836700
B_Trilerp_2,flat_plains,42,16.262676,0.275391,0.803300
B_Trilerp_2,flat_plains,1234,13.729867,0.402344,0.839400
B_Trilerp_2,flat_plains,31337,14.263688,0.912109,0.812390
B_Trilerp_2,rolling_hills,1,4.247786,1.000000,0.813500
B_Trilerp_2,rolling_hills,7,4.927030,0.132812,0.933590
B_Trilerp_2,rolling_hills,42,3.864383,1.000000,0.822800
B_Trilerp_2,rolling_hills,1234,4.512661,0.964844,0.831590
B_Trilerp_2,rolling_hills,31337,4.982439,0.423828,0.849500
B_Trilerp_2,mountains,1,-3.318315,0.125000,0.881890
B_Trilerp_2,mountains,7,-3.745853,0.125000,0.840600
B_Trilerp_2,mountains,42,-3.122438,0.125000,0.834090
B_Trilerp_2,mountains,1234,-3.169851,0.125000,0.836500
B_Trilerp_2,mountains,31337,-4.014331,0.125000,1.004390
B_Trilerp_2,cave_system,1,6.935429,1.000000,1.221900
B_Trilerp_2,cave_system,7,5.821527,1.000000,1.183600
B_Trilerp_2,cave_system,42,4.482033,1.000000,1.316490
B_Trilerp_2,cave_system,1234,5.839928,1.000000,1.274090
B_Trilerp_2,cave_system,31337,6.828260,1.000000,1.398100
B_Trilerp_2,island,1,2.388667,0.988281,1.313900
B_Trilerp_2,island,7,3.607166,0.177734,1.030590
B_Trilerp_2,island,42,3.374577,0.125000,1.275800
B_Trilerp_2,island,1234,2.593199,0.121094,1.332800
B_Trilerp_2,island,31337,2.824845,0.376953,0.905190
C_Trilerp_3,flat_plains,1,34.392743,1.000000,3.958090
C_Trilerp_3,flat_plains,7,37.860842,0.949219,3.951280
C_Trilerp_3,flat_plains,42,35.878127,0.935547,5.135180
C_Trilerp_3,flat_plains,1234,38.555127,0.980469,4.972680
C_Trilerp_3,flat_plains,31337,34.953558,0.988281,5.527080
C_Trilerp_3,rolling_hills,1,34.668379,1.000000,4.988180
C_Trilerp_3,rolling_hills,7,30.018091,0.976562,5.044980
C_Trilerp_3,rolling_hills,42,30.611141,1.000000,5.185580
C_Trilerp_3,rolling_hills,1234,32.972947,0.998047,4.919790
C_Trilerp_3,rolling_hills,31337,33.598035,1.000000,5.152280
C_Trilerp_3,mountains,1,27.691121,1.000000,3.860790
C_Trilerp_3,mountains,7,28.650862,1.000000,3.639280
C_Trilerp_3,mountains,42,28.874280,1.000000,3.512390
C_Trilerp_3,mountains,1234,25.292258,1.000000,3.622490
C_Trilerp_3,mountains,31337,25.346833,1.000000,3.727190
C_Trilerp_3,cave_system,1,22.071997,1.000000,3.761580
C_Trilerp_3,cave_system,7,20.363561,1.000000,3.869090
C_Trilerp_3,cave_system,42,19.664121,1.000000,3.818780
C_Trilerp_3,cave_system,1234,21.927755,1.000000,3.779080
C_Trilerp_3,cave_system,31337,20.260960,1.000000,3.782890
C_Trilerp_3,island,1,32.334612,0.998047,3.382480
C_Trilerp_3,island,7,36.208473,0.990234,3.424990
C_Trilerp_3,island,42,34.046794,1.000000,3.308590
C_Trilerp_3,island,1234,36.345857,0.996094,3.460890
C_Trilerp_3,island,31337,32.802293,0.996094,3.321690
D_Trilerp_4,flat_plains,1,41.903284,1.000000,5.670970
D_Trilerp_4,flat_plains,7,45.211669,0.990234,5.664680
D_Trilerp_4,flat_plains,42,42.588423,0.980469,5.548080
D_Trilerp_4,flat_plains,1234,45.211093,0.994141,6.029470
D_Trilerp_4,flat_plains,31337,44.036736,0.998047,5.865180
D_Trilerp_4,rolling_hills,1,38.502132,1.000000,5.763380
D_Trilerp_4,rolling_hills,7,36.242286,0.974609,7.573870
D_Trilerp_4,rolling_hills,42,36.499516,1.000000,6.338370
D_Trilerp_4,rolling_hills,1234,39.710077,1.000000,6.020980
D_Trilerp_4,rolling_hills,31337,37.816818,1.000000,9.553760
D_Trilerp_4,mountains,1,33.052121,1.000000,9.153160
D_Trilerp_4,mountains,7,35.400153,1.000000,7.256870
D_Trilerp_4,mountains,42,34.171348,1.000000,8.060470
D_Trilerp_4,mountains,1234,32.516630,1.000000,9.667260
D_Trilerp_4,mountains,31337,33.221386,1.000000,10.399060
D_Trilerp_4,cave_system,1,24.874661,1.000000,10.121960
D_Trilerp_4,cave_system,7,23.847810,1.000000,9.620160
D_Trilerp_4,cave_system,42,24.755012,1.000000,6.456770
D_Trilerp_4,cave_system,1234,23.538088,1.000000,6.376980
D_Trilerp_4,cave_system,31337,24.141468,1.000000,6.373380
D_Trilerp_4,island,1,39.822677,1.000000,6.776570
D_Trilerp_4,island,7,43.132417,0.996094,10.161360
D_Trilerp_4,island,42,40.678234,1.000000,10.309160
D_Trilerp_4,island,1234,42.953488,1.000000,9.604060
D_Trilerp_4,island,31337,41.994290,1.000000,9.367460
E_Spline_2,flat_plains,1,-14.867232,0.917969,9.116060
E_Spline_2,flat_plains,7,-3.950025,0.500000,7.038480
E_Spline_2,flat_plains,42,-17.266322,0.593750,8.080780
E_Spline_2,flat_plains,1234,-7.035353,0.472656,8.244370
E_Spline_2,flat_plains,31337,-7.975153,0.947266,8.211170
E_Spline_2,rolling_hills,1,-14.841081,0.666016,8.926460
E_Spline_2,rolling_hills,7,-21.314296,0.523438,9.283270
E_Spline_2,rolling_hills,42,-25.995403,0.541016,7.545970
E_Spline_2,rolling_hills,1234,-20.157956,0.744141,5.790580
E_Spline_2,rolling_hills,31337,-13.364604,0.740234,6.656370
E_Spline_2,mountains,1,-14.974414,0.726562,8.614470
E_Spline_2,mountains,7,-29.881417,0.773438,6.360970
E_Spline_2,mountains,42,-22.814855,0.568359,6.646170
E_Spline_2,mountains,1234,-24.377000,0.763672,6.315980
E_Spline_2,mountains,31337,-18.715685,0.609375,6.747070
E_Spline_2,cave_system,1,-40.272650,0.527344,6.863470
E_Spline_2,cave_system,7,-33.260387,0.691406,6.467780
E_Spline_2,cave_system,42,-43.030661,0.519531,6.476680
E_Spline_2,cave_system,1234,-33.262016,0.767578,7.388270
E_Spline_2,cave_system,31337,-36.498326,0.904297,9.384660
E_Spline_2,island,1,-18.442810,0.851562,8.277570
E_Spline_2,island,7,-11.994712,0.710938,5.608480
E_Spline_2,island,42,-19.185298,0.681641,5.662280
E_Spline_2,island,1234,-11.581864,0.611328,6.276080
E_Spline_2,island,31337,-13.955774,0.746094,6.973070
