Strategy,BldgType,Seed,Mean_ns,Median_ns,P95_ns,P99_ns,StdDev_ns,Min_ns,Max_ns,Plausibility,Components,Walls,Roof,Floor,Doors,Windows
A_StaticPrefab,residential_1storey,1,57482.3,51759,84210,121940,14437.4,50060,208069,0.775694,1,75,109,110,1,0
A_StaticPrefab,residential_1storey,7,55316.3,51480,75409,113820,12183.5,50620,173730,0.775694,1,75,109,110,1,0
A_StaticPrefab,residential_1storey,42,58532.4,52099,90920,116639,15233.5,51170,245989,0.775694,1,75,109,110,1,0
A_StaticPrefab,residential_1storey,1234,55722.1,51920,75260,112250,12236.7,51010,214290,0.775694,1,75,109,110,1,0
A_StaticPrefab,residential_1storey,31337,59916.9,52190,94050,121089,17326.8,51280,221570,0.775694,1,75,109,110,1,0
A_StaticPrefab,residential_2storey,1,86336.4,77379,135990,166420,22035,75560,281479,0.703996,1,265,109,110,1,0
A_StaticPrefab,residential_2storey,7,84354.8,76739,125469,172330,18883.2,75220,225979,0.703996,1,265,109,110,1,0
A_StaticPrefab,residential_2storey,42,83700.8,76820,125879,167809,17767.8,75580,205280,0.703996,1,265,109,110,1,0
A_StaticPrefab,residential_2storey,1234,83188,76939,119460,167390,17341.6,75510,226979,0.703996,1,265,109,110,1,0
A_StaticPrefab,residential_2storey,31337,89960.8,77820,133549,199539,25008.8,75520,295979,0.703996,1,265,109,110,1,0
A_StaticPrefab,industrial_warehouse,1,169641,155599,244609,297779,31112.8,150909,369628,0.839833,1,359,357,357,1,0
A_StaticPrefab,industrial_warehouse,7,184491,162749,271919,321989,44198.2,149690,655197,0.839833,1,359,357,357,1,0
A_StaticPrefab,industrial_warehouse,42,175597,158800,259179,319459,37112.2,149980,505869,0.839833,1,359,357,357,1,0
A_StaticPrefab,industrial_warehouse,1234,171656,154859,254550,320439,39254.7,149429,771708,0.839833,1,359,357,357,1,0
A_StaticPrefab,industrial_warehouse,31337,176898,157460,258879,297589,35895.8,149789,378708,0.839833,1,359,357,357,1,0
A_StaticPrefab,military_bunker,1,39963.2,36760,62070,67290,7619.79,35940,77320,0.744444,1,55,64,64,1,0
A_StaticPrefab,military_bunker,7,43914.1,36979,71310,84330,11492.3,35640,90319,0.744444,1,55,64,64,1,0
A_StaticPrefab,military_bunker,42,43154.7,36870,67319,82550,10712.7,35920,90540,0.744444,1,55,64,64,1,0
A_StaticPrefab,military_bunker,1234,46830.6,45100,68100,74940,10653.9,35720,82060,0.744444,1,55,64,64,1,0
A_StaticPrefab,military_bunker,31337,41133.3,37330,65130,69380,8892.68,36300,127189,0.744444,1,55,64,64,1,0
A_StaticPrefab,command_post,1,80023.2,72320,125790,132150,16738,71220,141220,0.774757,1,137,156,156,1,0
A_StaticPrefab,command_post,7,81157.4,72450,122499,133840,16307.3,69660,164799,0.774757,1,137,156,156,1,0
A_StaticPrefab,command_post,42,77340.4,70960,114430,130350,14595.8,69940,155529,0.774757,1,137,156,156,1,0
A_StaticPrefab,command_post,1234,79608.1,71620,122100,131189,19716.1,69640,443239,0.774757,1,137,156,156,1,0
A_StaticPrefab,command_post,31337,80233.2,71950,122920,131539,16758.2,71010,136880,0.774757,1,137,156,156,1,0
B_TemplateComposition,residential_1storey,1,62927.4,58320,95560,105789,11376.7,57450,123460,0.843361,1,109,110,110,1,4
B_TemplateComposition,residential_1storey,7,49069.8,45820,72760,83460,8455.68,45280,91260,0.811111,1,65,88,88,1,2
B_TemplateComposition,residential_1storey,42,64568,60900,93760,110170,10616.1,59719,118110,0.85029,1,115,120,120,1,4
B_TemplateComposition,residential_1storey,1234,51642.5,48630,74390,87620,8256.78,48010,92619,0.81875,1,69,99,99,1,2
B_TemplateComposition,residential_1storey,31337,78807.2,72780,121200,130510,15016.1,71510,203209,0.875251,1,133,156,156,1,4
B_TemplateComposition,residential_2storey,1,102521,96399,144700,169329,15870.2,94040,175140,0.819472,1,253,110,220,1,12
B_TemplateComposition,residential_2storey,7,77837.7,72800,109289,129309,12350,71740,135900,0.82136,1,161,88,176,1,8
B_TemplateComposition,residential_2storey,42,106503,100019,155490,180259,17100.2,98500,184309,0.826405,1,267,120,240,1,12
B_TemplateComposition,residential_2storey,1234,88566.9,83830,120819,148659,13216.7,82760,158880,0.818994,1,205,99,198,1,10
B_TemplateComposition,residential_2storey,31337,132840,120160,202269,214979,26082,118639,222519,0.851375,1,309,156,312,1,12
B_TemplateComposition,industrial_warehouse,1,190298,173240,277749,304168,34453,170230,313509,0.933487,1,433,380,380,1,10
B_TemplateComposition,industrial_warehouse,7,150259,139490,211180,243720,23419.2,137789,250169,0.950183,1,273,342,342,1,6
B_TemplateComposition,industrial_warehouse,42,195095,179799,291799,308449,34341.1,177180,483948,0.933483,1,445,400,400,1,10
B_TemplateComposition,industrial_warehouse,1234,158509,148809,223489,261809,23903.5,147250,270679,0.940176,1,341,342,342,1,8
B_TemplateComposition,industrial_warehouse,31337,210168,199030,269169,334909,27067.3,196379,350779,0.933472,1,481,460,460,1,10
B_TemplateComposition,military_bunker,1,47172.7,44900,61000,81400,6699.06,44339,85570,0.817059,1,85,72,72,1,4
B_TemplateComposition,military_bunker,7,35785.7,31770,57000,59910,7893.51,31230,74230,0.6375,1,25,54,54,1,0
B_TemplateComposition,military_bunker,42,49941.2,44050,75060,81590,10670.8,42540,89869,0.81567,1,85,70,70,1,4
B_TemplateComposition,military_bunker,1234,43637.9,39970,64260,81630,11791.1,33720,132159,0.7835,1,49,54,54,1,2
B_TemplateComposition,military_bunker,31337,54215.6,51160,82430,93569,9342.26,50620,99149,0.82951,1,97,90,90,1,4
B_TemplateComposition,command_post,1,83313.5,79230,119260,142000,12774,78400,149790,0.858616,1,177,156,156,1,6
B_TemplateComposition,command_post,7,64265.2,58830,101319,107220,13064.9,57410,111640,0.840278,1,81,130,130,1,2
B_TemplateComposition,command_post,42,89916.9,82499,139110,152019,17543.5,81370,155660,0.866937,1,185,168,168,1,6
B_TemplateComposition,command_post,1234,73388.8,68840,105370,124260,12051.4,68050,129560,0.866235,1,127,143,143,1,4
B_TemplateComposition,command_post,31337,104553,97299,152400,173479,17423.3,96180,179789,0.896073,1,209,210,210,1,6
C_GrammarRuleBased,residential_1storey,1,65281.4,58210,102410,107650,14462,57320,117279,0.768353,1,112,110,110,1,1
C_GrammarRuleBased,residential_1storey,7,50543.2,46020,79540,85839,10629.1,45340,90840,0.761111,1,67,88,88,1,0
C_GrammarRuleBased,residential_1storey,42,65297.8,61779,93270,111170,10389.7,60940,118079,0.774588,1,118,119,120,1,1
C_GrammarRuleBased,residential_1storey,1234,52708.8,49140,78720,90070,9306.48,48490,95669,0.76875,1,71,99,99,1,0
C_GrammarRuleBased,residential_1storey,31337,79084.6,72930,120090,132239,14880.2,71789,138270,0.800245,1,136,156,156,1,1
C_GrammarRuleBased,residential_2storey,1,101965,95660,142690,171259,16136.7,94509,175839,0.794519,1,262,110,220,1,3
C_GrammarRuleBased,residential_2storey,7,80388.3,73410,123340,133930,15858.8,72590,140230,0.77159,1,167,88,176,1,2
C_GrammarRuleBased,residential_2storey,42,112980,101980,173780,185039,22892.9,100739,190780,0.800755,1,276,119,240,1,3
C_GrammarRuleBased,residential_2storey,1234,89048.7,82729,131270,150220,15048.3,81499,157810,0.768985,1,213,99,198,1,2
C_GrammarRuleBased,residential_2storey,31337,129235,120149,189309,211689,21194.3,118559,220409,0.826415,1,318,156,312,1,3
C_GrammarRuleBased,industrial_warehouse,1,187152,173949,269139,302119,30012,170169,311989,0.933485,1,439,380,380,1,4
C_GrammarRuleBased,industrial_warehouse,7,148617,139810,206489,245569,22254.4,138060,250859,0.900181,1,277,342,342,1,2
C_GrammarRuleBased,industrial_warehouse,42,192250,180019,269859,308529,28523.3,177430,326349,0.933481,1,451,400,400,1,4
C_GrammarRuleBased,industrial_warehouse,1234,160163,149110,224439,259039,24484.8,146970,268619,0.915173,1,346,342,342,1,3
C_GrammarRuleBased,industrial_warehouse,31337,213692,199059,310489,344799,34351,196019,356439,0.93347,1,487,460,460,1,4
C_GrammarRuleBased,military_bunker,1,70365.9,65580,104459,121829,12501.1,64810,136329,0.725,1,102,72,144,1,1
C_GrammarRuleBased,military_bunker,7,43386.4,39930,69460,73750,8561.8,39120,78639,0.4375,1,0,54,107,1,0
C_GrammarRuleBased,military_bunker,42,65748.1,61290,97499,110860,11491.3,60519,116400,0.740494,1,154,70,70,1,1
C_GrammarRuleBased,military_bunker,1234,51818.9,47320,80740,85989,10320.8,46630,96220,0.7095,1,43,54,108,1,0
C_GrammarRuleBased,military_bunker,31337,73946,70900,92280,127070,10125.4,70089,131259,0.754354,1,178,90,90,1,1
C_GrammarRuleBased,command_post,1,139741,132240,189410,229889,19874.5,130410,242719,0.791667,1,249,156,312,1,2
C_GrammarRuleBased,command_post,7,98309.3,88339,151229,160750,20159,86710,169139,0.790278,1,75,130,260,1,0
C_GrammarRuleBased,command_post,42,131328,121599,195349,218689,22587,119939,229079,0.81681,1,349,168,168,1,2
C_GrammarRuleBased,command_post,1234,118439,109040,178650,196889,21763,107660,204609,0.774306,1,158,143,286,1,1
C_GrammarRuleBased,command_post,31337,147793,140230,190179,249889,20686.4,138470,256429,0.845959,1,397,210,210,1,2
D_NoiseGuided_FloorPlan,residential_1storey,1,68544.7,62530,104889,113570,13533.2,61540,121330,0.844613,1,107,110,110,1,8
D_NoiseGuided_FloorPlan,residential_1storey,7,54033.2,49990,83820,90870,10257.4,49480,97870,0.836111,1,64,88,88,1,3
D_NoiseGuided_FloorPlan,residential_1storey,42,72587.2,66610,108369,120189,13501.2,65750,124920,0.750813,1,123,120,120,1,0
D_NoiseGuided_FloorPlan,residential_1storey,1234,58449.4,54890,88259,101400,10298.7,54200,109659,0.76875,1,71,99,99,1,0
D_NoiseGuided_FloorPlan,residential_1storey,31337,85802,81769,115680,147169,12486.5,80980,157019,0.877899,1,138,156,156,1,8
D_NoiseGuided_FloorPlan,residential_2storey,1,94400.9,88629,136519,158509,15245.1,87670,163859,0.801813,1,295,110,110,1,12
D_NoiseGuided_FloorPlan,residential_2storey,7,71476.7,68010,99059,123090,10882.9,67180,129810,0.795647,1,194,88,88,1,9
D_NoiseGuided_FloorPlan,residential_2storey,42,102428,93380,157390,168159,19899.3,92330,174289,0.707492,1,327,120,120,1,0
D_NoiseGuided_FloorPlan,residential_2storey,1234,83757.7,79560,111789,143819,12010.3,78790,149970,0.696377,3,257,99,99,1,0
D_NoiseGuided_FloorPlan,residential_2storey,31337,119887,112570,171719,201659,19196.1,110760,212240,0.83273,1,373,156,156,1,12
D_NoiseGuided_FloorPlan,industrial_warehouse,1,199948,187359,279449,322249,29967.6,182129,330769,0.935332,3,467,380,380,1,12
D_NoiseGuided_FloorPlan,industrial_warehouse,7,159891,148319,228999,257989,25811.3,145400,271239,0.948214,2,280,342,342,1,12
D_NoiseGuided_FloorPlan,industrial_warehouse,42,205045,192369,298049,331829,31391.7,187510,346389,0.935095,3,473,400,400,1,12
D_NoiseGuided_FloorPlan,industrial_warehouse,1234,175840,158219,253769,288319,36792.9,152470,557278,0.939714,3,350,342,342,1,6
D_NoiseGuided_FloorPlan,industrial_warehouse,31337,248835,218849,369319,444838,58084.3,206560,718098,0.934563,3,515,460,460,1,6
D_NoiseGuided_FloorPlan,military_bunker,1,59676.5,53609,91139,108430,14943.5,47600,179739,0.817901,1,81,72,72,1,8
D_NoiseGuided_FloorPlan,military_bunker,7,43085.2,36520,63360,77559,16338.7,35350,471568,0.6375,1,25,54,54,1,0
D_NoiseGuided_FloorPlan,military_bunker,42,54895.9,49020,86730,89649,12034.3,48350,98789,0.714903,1,89,70,70,1,0
D_NoiseGuided_FloorPlan,military_bunker,1234,48964.1,41650,76230,94140,12304,39939,99680,0.7375,1,51,54,54,1,0
D_NoiseGuided_FloorPlan,military_bunker,31337,65815.4,58680,102640,108570,14171.5,57979,112710,0.830817,1,101,90,90,1,4
D_NoiseGuided_FloorPlan,command_post,1,90538.1,83630,134959,151149,16414.6,82579,166720,0.857772,1,178,156,156,1,9
D_NoiseGuided_FloorPlan,command_post,7,68352.1,63040,102610,113640,12533.8,62110,120620,0.890278,1,79,130,130,1,4
D_NoiseGuided_FloorPlan,command_post,42,101154,89470,148369,161009,19957.4,86649,212229,0.865358,1,191,168,168,1,6
D_NoiseGuided_FloorPlan,command_post,1234,89693.5,76630,136010,162330,25609,74600,457909,0.76647,1,134,143,143,1,0
D_NoiseGuided_FloorPlan,command_post,31337,121185,105300,178539,204839,28882.5,102429,473288,0.89376,2,217,210,210,1,9
E_Hybrid_GrammarPlusNoise,residential_1storey,1,71224.2,64150,111010,122069,15360.6,63100,135000,0.767017,1,121,109,110,1,2
E_Hybrid_GrammarPlusNoise,residential_1storey,7,53396.1,50350,78560,92179,8750.45,49820,98190,0.749306,1,72,87,88,1,1
E_Hybrid_GrammarPlusNoise,residential_1storey,42,74994,68730,117160,127640,14530.9,67540,133690,0.777083,1,126,119,120,1,2
E_Hybrid_GrammarPlusNoise,residential_1storey,1234,58518.7,54690,91460,103079,10821.4,53720,112290,0.754389,1,75,98,99,1,1
E_Hybrid_GrammarPlusNoise,residential_1storey,31337,89971.3,80960,140890,150069,18465.2,79519,155109,0.800296,1,143,155,156,1,2
E_Hybrid_GrammarPlusNoise,residential_2storey,1,147353,138430,202789,230430,20830.3,136239,236249,0.783547,1,347,109,220,1,3
E_Hybrid_GrammarPlusNoise,residential_2storey,7,100584,91960,153109,164099,19055.1,90150,169529,0.786917,1,200,87,176,1,3
E_Hybrid_GrammarPlusNoise,residential_2storey,42,177248,165579,248409,267909,27523,156849,299289,0.76459,1,410,119,240,1,2
E_Hybrid_GrammarPlusNoise,residential_2storey,1234,138365,130890,184379,215599,18139.1,128720,220159,0.755069,1,308,98,198,1,2
E_Hybrid_GrammarPlusNoise,residential_2storey,31337,200917,188819,278810,301569,27239.9,185460,312599,0.789621,1,444,155,312,1,2
E_Hybrid_GrammarPlusNoise,industrial_warehouse,1,225105,215959,307969,338729,28516.3,203559,357518,0.921444,1,457,380,380,1,5
E_Hybrid_GrammarPlusNoise,industrial_warehouse,7,169078,156709,229129,265349,26652.3,151339,339999,0.907168,1,286,342,342,1,3
E_Hybrid_GrammarPlusNoise,industrial_warehouse,42,244784,227659,341469,385758,41086.5,212800,473978,0.921962,1,469,400,400,1,5
E_Hybrid_GrammarPlusNoise,industrial_warehouse,1234,197481,183709,290228,314829,35881,170169,404558,0.926536,1,358,342,342,1,4
E_Hybrid_GrammarPlusNoise,industrial_warehouse,31337,267166,247859,369109,407808,43060.3,241089,557008,0.922403,1,491,460,460,1,5
E_Hybrid_GrammarPlusNoise,military_bunker,1,55756,50550,82939,128350,14788.9,49590,265199,0.738144,1,97,72,72,1,2
E_Hybrid_GrammarPlusNoise,military_bunker,7,41710.1,35810,64669,86870,12593.5,35340,157340,0.6495,1,28,54,54,1,0
E_Hybrid_GrammarPlusNoise,military_bunker,42,53186.1,50320,75529,89610,9786.84,49820,228119,0.745003,1,97,70,70,1,2
E_Hybrid_GrammarPlusNoise,military_bunker,1234,45040.6,40860,70320,79390,11375.3,39270,221799,0.723904,1,57,54,54,1,1
E_Hybrid_GrammarPlusNoise,military_bunker,31337,59047.1,56250,73100,105130,10317.7,55610,171529,0.755227,1,110,90,90,1,2
E_Hybrid_GrammarPlusNoise,command_post,1,97292.7,90430,146380,163440,19669.5,84079,294669,0.8137,1,191,156,156,1,3
E_Hybrid_GrammarPlusNoise,command_post,7,77634.3,68300,118910,154720,22409.5,62930,377448,0.778611,1,90,130,130,1,1
E_Hybrid_GrammarPlusNoise,command_post,42,106684,99040,159319,202330,21084.3,94179,273719,0.823507,1,201,168,168,1,3
E_Hybrid_GrammarPlusNoise,command_post,1234,86280,76980,133080,151429,18882.8,74610,203319,0.791528,1,135,143,143,1,2
E_Hybrid_GrammarPlusNoise,command_post,31337,121779,114189,183689,242459,26280.1,105270,311979,0.85253,1,224,210,210,1,3
